CHROMATOGRAM,
p6_b4_tudca_dny_bsh2_48h.raw,
Data points: 2464,
Time,Intensity
0.003713985,0
0.008343068,0
0.011488902,0
0.013811766,0
0.016136769,0
0.018459669,0
0.020782565,0
0.023107552,0
0.025430452,0
0.027755434,0
0.030078335,0
0.032401235,0
0.034726202,0
0.037049102,0
0.049313616,0
0.053549118,0
0.055873965,0
0.058196901,0
0.060519786,0
0.062844784,0
0.065167669,0
0.067492651,0
0.069815551,0
0.072138436,0
0.074463418,0
0.076786334,0
0.079109251,0
0.081434217,0
0.083757133,0
0.0860821,0
0.088405,0
0.093240519,0
0.095563268,0
0.097888266,0
0.10021118,0
0.10253407,0
0.10485907,0
0.10718195,0
0.10950483,0
0.11182983,0
0.11415273,0
0.11647774,0
0.11880062,0
0.12112354,0
0.12344852,0
0.1257714,0
0.1280943,0
0.1304193,0
0.1327422,0
0.13506717,0
0.13739007,0
0.13971297,0
0.14203797,0
0.14436085,0
0.14668374,0
0.14900873,0
0.15133163,0
0.15365663,0
0.15597953,0
0.15830243,0
0.16062742,0
0.1629503,0
0.1652732,0
0.1675982,0
0.16992112,0
0.17224609,0
0.17708363,0
0.17940644,0
0.18173142,0
0.1840543,0
0.1863793,0
0.18870222,0
0.19102512,0
0.19335008,0
0.195673,0
0.19799798,0
0.20032087,0
0.20264377,0
0.20496877,0
0.20729165,0
0.21278953,0
0.22167077,0
0.22589988,0
0.2282228,0
0.23054775,0
0.23287065,0
0.23519563,0
0.23751852,0
0.23984143,0
0.24216642,0
0.24448932,0
0.24681224,0
0.2491372,0
0.2514601,0
0.25378508,0
0.25610797,0
0.26094347,0
0.26326837,0
0.26559125,0
0.26791623,0
0.27023913,0
0.27256203,0
0.274887,0
0.27720992,0
0.27953283,0
0.2818578,0
0.2841807,0
0.28650568,0
0.28882858,0
0.29115148,0
0.29347647,0
0.29579937,0
0.29812228,0
0.30044725,0
0.30277013,0
0.30509515,0
0.30741804,0
0.30974095,0
0.3120659,0
0.31438883,0
0.31671172,0
0.31903672,0
0.32135963,0
0.3236846,0
0.3260075,0
0.32833038,0
0.33065538,0
0.33297828,0
0.3353012,0
0.33762613,0
0.3421303,0
0.34445318,0
0.3467761,0
0.34910109,0
0.351424,0
0.3537469,0
0.35607188,0
0.35839477,0
0.36071975,0
0.36304265,0
0.36536552,0
0.36769053,0
0.37001343,0
0.37233635,0
0.37466132,0
0.3769842,0
0.3824821,0
0.3867196,0
0.39221742,0
0.39628825,0
0.4051403,0
0.40838188,0
0.41640475,0
0.43540254,0
0.4542524,0
0.4710127,0
0.48915632,0
0.50583955,0
0.52172072,0
0.53839557,0
0.55389962,0
0.57296407,0
0.59205145,0
0.61109922,0
0.62648663,0
0.63978445,0
0.65636347,0
0.67204463,0
0.68941115,0
0.70718188,0
0.719336,0
0.73433587,0
0.74942742,0
0.76490023,0
0.7842709,0
0.80157497,0
0.82078107,0
0.83994343,0
0.86142245,0
0.8806244,0
0.8998722,0
0.91799082,0
0.93612192,0
0.95799677,0
0.97698205,0
0.99261529,0
1.0104485,0
1.0312379,0
1.049292,0
1.0684773,0
1.087625,0
1.1064686,0
1.1256248,0
1.1437767,0
1.1629974,0
1.1812973,0
1.2031846,0
1.222372,0
1.2415802,0
1.2608363,0
1.2801258,0
1.2993298,0
1.3186172,0
1.3368816,0
1.3589544,0
1.3781626,0
1.3974166,0
1.4166144,0
1.4358434,0
1.4542516,0
1.4734119,0
1.4926201,0
1.5119825,0
1.5326094,0
1.5508926,0
1.5679508,0
1.584459,0
1.600936,0
1.6133463,0
1.6245338,0
1.6380504,0
1.6496794,0
1.6641085,0
1.6788126,0
1.6911583,0
1.7037873,0
1.7164519,0
1.7258476,0
1.7391059,0
1.7508537,0
1.7640578,0
1.7795243,0
1.7941034,0
1.8043492,0
1.8159074,0
1.8312177,0
1.8442676,0
1.8577196,0
1.8728008,0
1.8849861,0
1.9002985,0
1.9104755,0
1.9235462,0
1.9386149,0
1.9488044,0
1.9629314,0
1.9746021,0
1.9864687,0
2.0019811,0
2.0195997,0
2.0333976,0
2.0452537,0
2.0575974,0
2.0698494,0
2.0836222,0
2.0993492,0
2.1146407,0
2.1305552,0
2.1460343,0
2.1649841,0
2.1802528,0
2.1946735,0
2.2099275,0
2.2249212,0
2.2418981,0
2.2570231,0
2.274175,0
2.290677,0
2.3101018,0
2.3280663,0
2.3447287,0
2.3665139,0
2.3859076,0
2.401672,0
2.4151886,0
2.4339718,0
2.4527113,0
2.4686528,0
2.4870048,0
2.5052171,0
2.5254128,0
2.5431648,0
2.558548,0
2.5783833,0
2.5979124,0
2.6163101,0
2.6334808,0
2.6531077,0
2.666941,0
2.6852304,0
2.7070616,0
2.7251031,0
2.7447425,0
2.7642216,0
2.786661,0
2.8061712,0
2.8257607,0
2.8453814,0
2.8676125,0
2.8871749,0
2.9066081,0
2.9262496,0
2.9485661,0
2.9682639,0
2.9764492,0
2.9951074,0
3.0069157,0
3.0295947,0
3.0494133,0
3.0690382,0
3.0886443,0
3.0960963,0
3.1153628,0
3.1347586,0
3.1535042,0
3.1582354,0
3.1699729,0
3.1731958,0
3.176752,0
3.1814082,0
3.189729,0
3.1968061,0
3.2038414,0
3.2178996,0
3.2285225,0
3.2316037,0
3.2421724,0
3.2537952,0
3.2733284,0
3.2955074,0
3.3145343,0
3.3341259,0
3.3520945,0
3.3698485,0
3.3870026,0
3.4013983,0
3.4182128,0
3.4376564,0
3.4600042,0
3.4797853,0
3.4993518,0
3.5189537,0
3.5408786,0
3.5603722,0
3.5800075,0
3.5995052,0
3.6190197,0
3.6386592,0
3.6581715,0
3.6777401,0
3.6852171,0
3.7046316,0
3.7240773,0
3.7440792,0
3.7557667,0
3.7591646,0
3.762452,0
3.7741415,0
3.7856102,0
3.7996934,0
3.8193516,0
3.8356994,0
3.8473515,0
3.8579388,0
3.8696742,0
3.8744304,0
3.8777742,0
3.8810741,0
3.8843387,0
3.9003532,0
3.9074385,0
3.9257467,0
3.9400925,0
3.9540986,0
3.973711,0
3.9819859,0
3.9890984,0
3.9923629,0
3.9956796,0
3.9988316,0
4.0035545,0
4.0069274,0
4.0105878,0
4.022294,0
4.0293335,0
4.0434688,0
4.0540375,0
4.0701749,0
4.0735186,0
4.076829,0
4.0800561,0
4.0833685,0
4.0867664,0
4.0906185,0
4.0929414,0
4.0952664,0
4.0975892,0
4.0999122,0
4.1022371,0
4.10456,0
4.1068829,0
4.1118163,0
4.1158308,0
4.1191912,0
4.1215141,0
4.1238391,0
4.1288828,0
4.1331161,0
4.1364577,0
4.1387806,0
4.1411035,0
4.1434285,0
4.1457514,0
4.1480743,0
4.1503993,0
4.1527222,0
4.1550472,0
4.1573701,0
4.159693,0
4.164793,0
4.168645,6542.976563
4.1717387,0
4.190772,0
4.1940865,0
4.197399,0
4.2092864,0
4.2210551,0
4.2242363,0
4.2288842,0
4.2322758,0
4.2354675,0
4.2387737,0
4.2421633,0
4.245507,0
4.2488778,0
4.2522465,0
4.2554173,0
4.259261,0
4.261584,0
4.2639089,0
4.2662318,0
4.2685568,0
4.2708797,0
4.2732026,0
4.2755276,0
4.2778505,0
4.2801734,0
4.2824984,0
4.2848213,0
4.2871463,0
4.2894691,0
4.2917921,0
4.294117,0
4.2987608,0
4.3093774,0
4.313044,0
4.3163648,0
4.3186877,0
4.3210106,0
4.3233356,0
4.3256585,0
4.3279835,0
4.3303064,0
4.3326293,0
4.3349542,0
4.3396875,0
4.3471708,0
4.3542583,0
4.3575562,0
4.3715144,0
4.3899435,0
4.4004663,0
4.4121037,0
4.4261307,0
4.4294828,0
4.4326119,0
4.4408472,0
4.4440348,0
4.4624179,0
4.4741199,0
4.4822428,0
4.4963427,0
4.5103884,0
4.5262675,0
4.5458923,0
4.5657443,0
4.5854504,0
4.5900941,0
4.6009815,0
4.6042149,0
4.6147231,0
4.6177169,0
4.6395146,0
4.6466479,0
4.6583332,0
4.6688978,0
4.6759831,0
4.6834685,0
4.6905559,0
4.6936205,0
4.6968288,0
4.7000184,0
4.7030329,0
4.7100808,0
4.720637,0
4.723589,0
4.7340785,0
4.7446576,0
4.7479139,0
4.7550305,0
4.762395,0
4.7728783,0
4.7870282,0
4.7975823,0
4.8082571,0
4.8244195,0
4.8406965,0
4.8482069,0
4.8588922,0
4.8623547,0
4.8656755,0
4.8688193,0
4.8720442,0
4.8750796,0
4.8833358,0
4.8974732,0
4.9194126,0
4.9241689,0
4.9368229,0
4.9564582,0
4.9759039,0
4.9876121,0
5.0072016,0
5.0288244,0
5.048668,0
5.0682261,0
5.0798469,0
5.0959489,0
5.1148675,0
5.1345465,0
5.1417028,0
5.1487964,0
5.1604839,0
5.1768483,0
5.1878816,0
5.2039523,0
5.2144856,0
5.2250896,0
5.2413458,0
5.2555582,0
5.2701247,0
5.2818289,0
5.2849288,0
5.295435,0
5.2985621,0
5.3056578,0
5.3103474,0
5.3244952,0
5.3361409,0
5.3480596,0
5.3670949,0
5.3829969,0
5.3877531,0
5.3948843,0
5.3979093,0
5.4085571,0
5.4157404,0
5.4188446,0
5.4259486,0
5.4294715,0
5.4324007,0
5.4371548,0
5.4404694,0
5.4510818,0
5.4541797,0
5.4612547,0
5.464563,0
5.4786483,0
5.4817399,0
5.4850337,0
5.4922128,0
5.4955523,0
5.5036898,0
5.5107001,0
5.5141147,0
5.5174459,0
5.5206105,0
5.5239313,0
5.5273563,0
5.5306417,0
5.5339791,0
5.5373583,0
5.5420041,0
5.5455145,0
5.5488249,0
5.5520082,0
5.5543332,0
5.556656,0
5.558979,0
5.561304,0
5.5636268,0
5.5683706,0
5.5718372,0
5.575131,0
5.5782726,0
5.5815413,0
5.5897662,0
5.5972266,0
5.6076953,0
5.6109557,0
5.6214702,0
5.6247493,0
5.6280368,0
5.6311514,0
5.6344347,0
5.6375409,0
5.6408284,0
5.6441576,0
5.64727,0
5.6505575,0
5.6536846,0
5.6642636,0
5.6675094,0
5.6791302,0
5.6825489,0
5.685651,0
5.6927009,0
5.6997467,0
5.70683,0
5.7185383,0
5.725657,0
5.7397673,0
5.7504464,0
5.7611068,0
5.783444,0
5.7881669,0
5.8078064,0
5.8194438,0
5.8336249,0
5.8532852,0
5.8641956,0
5.8838579,0
5.8955453,0
5.9117952,0
5.9276639,0
5.94227,0
5.9528096,0
5.9558324,0
5.9664636,0
5.9783177,0
5.9901051,0
6.00183,0
6.0050487,0
6.0087321,0
6.0116945,0
6.0140174,0
6.0163403,0
6.0186653,0
6.0209882,0
6.0256965,0
6.0303361,0
6.0338319,0
6.0369861,0
6.0393089,0
6.0440485,0
6.0473422,0
6.0507068,0
6.053838,0
6.0584776,0
6.0619754,0
6.0653025,0
6.06849,0
6.070815,0
6.0731379,0
6.0754608,0
6.0777857,0
6.0801086,0
6.0824336,0
6.0847565,0
6.0870794,0
6.0894044,0
6.0931982,0
6.0955231,0
6.097846,0
6.1001689,0
6.1024939,0
6.1048168,0
6.1071397,0
6.1094647,0
6.1117876,0
6.1141126,0
6.1164355,0
6.1187584,0
6.1210834,0
6.1234062,0
6.1257291,0
6.1280541,0
6.130377,0
6.132702,0
6.1350249,0
6.1373478,0
6.1396728,0
6.1419957,0
6.1443186,0
6.1466436,0
6.1489665,0
6.1512914,0
6.1536144,0
6.1559372,0
6.1582622,0
6.1605852,0
6.162908,0
6.165233,0
6.1675559,0
6.1698789,0
6.1722038,0
6.1760163,0
6.1783392,0
6.1806621,0
6.1829871,0
6.18531,0
6.1876329,0
6.1899578,0
6.1922807,0
6.1946057,0
6.1992453,0
6.2027495,0
6.2060557,0
6.2083807,0
6.2107035,0
6.2130265,0
6.2153514,0
6.2176743,0
6.2199993,0
6.2223222,0
6.2269618,0
6.2305742,0
6.2338596,0
6.2361846,0
6.2385075,0
6.2408325,0
6.2431554,0
6.2454783,0
6.2478033,0
6.2501262,0
6.2524491,0
6.2547741,0
6.2587471,0
6.261072,0
6.2633948,0
6.2657177,0
6.2680427,0
6.2703656,0
6.2726885,0
6.2750135,0
6.2773364,0
6.2796614,0
6.2819843,0
6.2843072,0
6.2866322,0
6.2889551,0
6.291278,0
6.293603,0
6.2959259,0
6.2982508,0
6.3005737,0
6.3028966,0
6.3052216,0
6.3075445,0
6.3098674,0
6.3121924,0
6.3145153,0
6.3168403,0
6.3191632,0
6.3214861,0
6.3238111,0
6.326134,0
6.3284569,0
6.3307819,0
6.3331048,0
6.3354298,0
6.3377526,0
6.3417736,0
6.3440984,0
6.3464214,0
6.3487442,0
6.3510692,0
6.3533921,0
6.355715,0
6.35804,0
6.3603629,0
6.3626879,0
6.3650108,0
6.3696753,0
6.3732586,0
6.3766544,0
6.3789773,0
6.3813023,0
6.3836253,0
6.3859482,0
6.3882731,0
6.390596,0
6.3929189,0
6.3976106,0
6.4012251,0
6.404523,0
6.4068459,0
6.4091709,0
6.4114938,0
6.4138167,0
6.4161417,0
6.4184646,0
6.4207875,0
6.4247583,0
6.4270833,0
6.4294062,0
6.4317291,0
6.4340541,0
6.436377,0
6.4386998,0
6.4410248,0
6.4433477,0
6.4456727,0
6.4479956,0
6.4503185,0
6.4526435,0
6.4549664,0
6.4572914,0
6.4596143,0
6.4619372,0
6.4666455,0
6.4736705,0
6.4806996,0
6.4841599,0
6.4874266,0
6.4905745,0
6.4952453,0
6.4986307,0
6.501764,0
6.5050994,0
6.508689,0
6.5117515,0
6.5150806,0
6.5184014,0
6.521593,0
6.5249513,0
6.5280722,0
6.5314242,0
6.53477,0
6.5394096,0
6.5429137,0
6.5462762,0
6.5494366,0
6.5517595,0
6.5540845,0
6.5564074,0
6.5587303,0
6.5610553,0
6.5633781,0
6.5680177,0
6.5714885,0
6.5748906,0
6.5782281,0
6.580551,0
6.5828759,0
6.5851988,0
6.5875217,0
6.5898467,0
6.5921696,0
6.5944946,0
6.5968175,0
6.5991404,0
6.6014654,0
6.6037883,0
6.6061112,0
6.6084362,0
6.6107591,0
6.613084,0
6.6154069,0
6.6177298,0
6.6200548,0
6.6223777,0
6.6247006,0
6.6270256,0
6.6293485,0
6.6316735,0
6.6339964,0
6.6363193,0
6.6386443,0
6.6409672,0
6.64329,0
6.6456151,0
6.647938,0
6.650263,0
6.6525859,0
6.6549088,0
6.6572337,0
6.6595566,0
6.6618795,0
6.6642045,0
6.6665274,0
6.6688524,0
6.6711753,0
6.6750565,0
6.6773794,0
6.6855252,0
6.6925418,0
6.6959752,0
6.6991001,0
6.7024084,0
6.7070459,0
6.7140813,0
6.7173729,0
6.7204812,0
6.7309395,0
6.7342061,0
6.7388457,0
6.7419373,0
6.7489394,0
6.7520581,0
6.7553809,0
6.7589351,0
6.7620622,0
6.7653851,0
6.7685601,0
6.7719308,0
6.7752496,0
6.7784183,0
6.7818162,0
6.784937,0
6.7872599,0
6.7895849,0
6.7919078,0
6.7942307,0
6.7989432,0
6.8024577,0
6.8056744,0
6.8079972,0
6.8103223,0
6.8126451,0
6.814968,0
6.817293,0
6.8196159,0
6.8219388,0
6.8242638,0
6.8265867,0
6.8289096,0
6.8312346,0
6.8335575,0
6.8382616,0
6.8415595,0
6.8448283,0
6.8480491,0
6.8513344,0
6.8546615,0
6.8579928,0
6.8613011,0
6.8646344,0
6.8679093,0
6.8712884,0
6.875928,0
6.8829842,0
6.8862113,0
6.8895154,0
6.8928342,0
6.8959946,0
6.8993216,0
6.9026549,0
6.9106944,0
6.9140402,0
6.9186965,0
6.9218902,0
6.9254652,0
6.928536,0
6.9318901,0
6.9352339,0
6.938413,0
6.9417088,0
6.9448505,0
6.9482213,0
6.9515358,0
6.9547504,0
6.9580816,0
6.9613837,0
6.9645482,0
6.9726357,0
6.9761023,0
6.9793814,0
6.982746,0
6.985896,0
6.9882189,0
6.9905418,0
6.9928668,0
6.9951897,0
6.9975126,0
6.9998376,0
7.0021605,0
7.0044855,0
7.0068084,0
7.0091313,0
7.0114562,0
7.0137792,0
7.016102,0
7.018427,0
7.0207499,0
7.0230749,0
7.0253978,0
7.0277207,0
7.0300457,0
7.0323686,0
7.0346915,0
7.0370165,0
7.0393394,0
7.0416623,0
7.0463081,0
7.0495664,0
7.0528872,0
7.0560226,0
7.059383,0
7.0626705,0
7.0658246,0
7.0691913,0
7.0723016,0
7.0769391,0
7.0803183,0
7.0834933,0
7.0868078,0
7.0901474,0
7.093339,0
7.0966348,0
7.0999702,0
7.1031515,0
7.106491,0
7.109841,0
7.1131139,0
7.116543,0
7.1196826,0
7.1220075,0
7.1243305,0
7.1266554,0
7.1289783,0
7.1313012,0
7.1336262,0
7.1383158,0
7.1417366,0
7.1450345,0
7.1483844,0
7.1515219,0
7.1538448,0
7.1561698,0
7.1584927,0
7.1608177,0
7.1631406,0
7.1654635,0
7.1677885,0
7.1701113,0
7.1724343,0
7.1762384,0
7.1785634,0
7.1808863,0
7.1832092,0
7.1855342,0
7.1878571,0
7.190182,0
7.192505,0
7.1948279,0
7.1971529,0
7.1994758,0
7.2017986,0
7.2041236,0
7.2064465,0
7.2087715,0
7.2110944,0
7.215734,0
7.2193339,0
7.222461,0
7.224786,0
7.2271089,0
7.2294318,0
7.2317568,0
7.2340797,0
7.2364026,0
7.2387275,0
7.2410504,0
7.2456921,0
7.2492275,0
7.2525087,0
7.2548316,0
7.2586608,0
7.2609857,0
7.2633087,0
7.2656315,0
7.2679565,0
7.2702794,0
7.2726023,0
7.2749273,0
7.2772502,0
7.2795752,0
7.2818981,0
7.284221,0
7.286546,0
7.2888689,0
7.2911918,0
7.2935168,0
7.2958397,0
7.2981626,0
7.3004875,0
7.3028104,0
7.3051354,0
7.3074583,0
7.3097812,0
7.3121062,0
7.3144291,0
7.3167541,0
7.319077,0
7.3213999,0
7.3237249,0
7.3260477,0
7.3283707,0
7.3306957,0
7.3330186,0
7.3353415,0
7.3376665,0
7.3415893,0
7.3439143,0
7.3462372,0
7.3485622,0
7.3508851,0
7.353208,0
7.355533,0
7.3578559,0
7.3601788,0
7.3625038,0
7.3648267,0
7.3671516,0
7.3694745,0
7.3742016,0
7.3778515,0
7.3809849,0
7.3856245,0
7.3892286,0
7.3924099,0
7.3947327,0
7.3970556,0
7.3993806,0
7.4017035,0
7.4040285,0
7.4063514,0
7.4086743,0
7.4109992,0
7.4156388,0
7.4190305,0
7.4223492,0
7.4261116,0
7.4289742,0
7.431297,0
7.433622,0
7.4359449,0
7.4382678,0
7.4405928,0
7.4429157,0
7.4452386,0
7.4475636,0
7.4498865,0
7.4522115,0
7.4545344,0
7.4568573,0
7.4591822,0
7.4615052,0
7.4638281,0
7.466153,0
7.4708572,0
7.4743384,0
7.4774926,0
7.4798175,0
7.4821404,0
7.4844633,0
7.4867883,0
7.4891112,0
7.4914362,0
7.4937591,0
7.496082,0
7.498407,0
7.5007299,0
7.5030528,0
7.5053777,0
7.5090632,0
7.5113861,0
7.513711,0
7.5160339,0
7.5183568,0
7.5206818,0
7.5230047,0
7.5253276,0
7.5276526,0
7.5299755,0
7.5323005,0
7.5346234,0
7.5369463,0
7.5392713,0
7.5439275,0
7.5472754,0
7.5505879,0
7.5552274,0
7.5585628,0
7.5618795,0
7.5652065,0
7.5683669,0
7.5706919,0
7.5730148,0
7.5753398,0
7.5776627,0
7.5799856,0
7.5846251,0
7.5916292,0
7.5953063,0
7.5982604,0
7.6005833,0
7.6029062,0
7.6052312,0
7.6075541,0
7.609877,0
7.612202,0
7.6145249,0
7.6168499,0
7.6191728,0
7.6214957,0
7.6238207,0
7.6261436,0
7.6284665,0
7.6307914,0
7.6331143,0
7.6354393,0
7.6377622,0
7.6400851,0
7.6424101,0
7.644733,0
7.6470559,0
7.6493809,0
7.6517038,0
7.6540288,0
7.6563517,0
7.6586746,0
7.6609996,0
7.6633225,0
7.6656454,0
7.6679704,0
7.6702933,0
7.674962,0
7.678389,0
7.6817599,0
7.6848786,0
7.6882244,0
7.6913765,0
7.6947181,0
7.6980556,0
7.7012159,0
7.7058764,0
7.7093659,0
7.7140222,0
7.7173784,0
7.7206512,0
7.7252908,0
7.7285845,0
7.7319699,0
7.7352637,0
7.7384136,0
7.7417428,0
7.7449094,0
7.7482344,0
7.7528864,0
7.7563927,0
7.7637759,0
7.7673114,0
7.770403,0
7.7727279,0
7.7750508,0
7.7773738,0
7.7796987,0
7.7820217,0
7.7843466,0
7.7866696,0
7.7889924,0
7.7913174,0
7.7936403,0
7.7959632,0
7.7982882,0
7.8006111,0
7.8029361,0
7.805259,0
7.8075819,0
7.8099069,0
7.8122298,0
7.8145527,0
7.8168777,0
7.8192006,0
7.8215255,0
7.8238484,0
7.8261713,0
7.8284963,0
7.8308192,0
7.8331421,0
7.8354671,0
7.83779,0
7.8415463,0
7.8438691,0
7.8461941,0
7.848517,0
7.8508399,0
7.8531649,0
7.8554878,0
7.8578107,0
7.8601357,0
7.8624586,0
7.8647836,0
7.8671064,0
7.8694293,0
7.8717544,0
7.8740772,0
7.8764002,0
7.8787251,0
7.881048,0
7.883373,0
7.8856959,0
7.8880188,0
7.8903438,0
7.8949834,0
7.8983146,0
7.9016916,0
7.9047937,0
7.9071166,0
7.9094416,0
7.9117645,0
7.9140895,0
7.9164123,0
7.9210561,0
7.9243873,0
7.9276811,0
7.9309165,0
7.9332393,0
7.9355622,0
7.9378872,0
7.9402101,0
7.9425351,0
7.944858,0
7.9471809,0
7.9495059,0
7.9518288,0
7.9541517,0
7.9564767,0
7.9587996,0
7.9611246,0
7.9634475,0
7.9657704,0
7.9680953,0
7.9704182,0
7.9727411,0
7.9750661,0
7.977389,0
7.979714,0
7.9820369,0
7.9843598,0
7.9866848,0
7.9890077,0
7.9913306,0
7.9936556,0
7.9959785,0
7.9983035,0
8.0006263,0
8.0029492,0
8.0052743,0
8.0091389,0
8.0122763,0
8.0146012,0
8.0169241,0
8.0192471,0
8.021572,0
8.0238949,0
8.0262178,0
8.0285428,0
8.0308657,0
8.0331907,0
8.0355136,0
8.0378365,0
8.0401615,0
8.0424844,0
8.0448073,0
8.0471323,0
8.0494552,0
8.0517802,0
8.0541031,0
8.056426,0
8.058751,0
8.0610738,0
8.0657426,0
8.0689801,0
8.0722967,0
8.0804029,0
8.0837445,0
8.0870361,0
8.098509,0
8.1016215,0
8.1048673,0
8.108086,0
8.1151214,0
8.1181964,0
8.125213,0
8.1283067,0
8.131565,0
8.1348088,0
8.1379129,0
8.1411587,0
8.1442441,0
8.1475045,0
8.1545044,0
8.1577524,0
8.1608377,0
8.1640877,0
8.1673335,0
8.1704189,0
8.1736439,0
8.1767043,0
8.1799272,0
8.1831647,0
8.1862209,0
8.1894292,0
8.1924875,0
8.1957354,0
8.1989812,0
8.2020895,0
8.2053708,0
8.2084603,0
8.211727,0
8.2150082,0
8.2181686,0
8.221479,0
8.2246435,0
8.2279873,0
8.2312726,0
8.2359206,0
8.2391767,0
8.2438476,0
8.2485225,0
8.2517767,0
8.2551621,0
8.2625287,0
8.2659745,0
8.2693245,0
8.2724765,0
8.2757682,0
8.2790911,0
8.2822785,0
8.2856431,0
8.2887744,0
8.2921181,0
8.2954285,0
8.2986264,0
8.3009513,0
8.3032742,0
8.3055971,0
8.3079221,0
8.310245,0
8.3125679,0
8.3148929,0
8.3172158,0
8.3195408,0
8.3218637,0
8.3241866,0
8.3265115,0
8.3288344,0
8.3311573,0
8.3334824,0
8.3358053,0
8.3381281,0
8.3404531,0
8.345151,0
8.3485531,0
8.351701,0
8.3550072,0
8.3583405,0
8.3616593,0
8.3649696,0
8.3681237,0
8.3728175,0
8.3761696,0
8.379307,0
8.3826028,0
8.3859257,0
8.3890861,0
8.3923861,0
8.3955153,0
8.3988152,0
8.4034548,0
8.4105256,0
8.4186296,0
8.4267088,0
8.4340671,0
8.4371712,0
8.4441587,0
8.4473774,0
8.4543711,0
8.4575773,0
8.4714564,0
8.4744314,0
8.4882834,0
8.4912771,0
8.4944666,0
8.501477,0
8.5046895,0
8.5121519,0
8.5226269,0
8.5258539,0
8.5328268,0
8.5359267,0
8.5440975,0
8.5580641,0
8.5651391,0
8.5848826,0
8.6040367,0
8.6231115,0
8.6412635,0
8.6605155,0
8.6796882,0
8.7015547,0
8.7208629,0
8.7401128,0
8.7593481,0
8.7814625,0
8.8006874,0
8.8195893,0
8.8388975,0
8.8610703,0
8.8803847,0
8.899745,0
8.9191365,0
8.9411759,0
8.9606071,0
8.9798153,0
8.999063,0
9.018288,0
9.039394,0
9.0538168,0
9.0659834,0
9.0794917,0
9.0972353,0
9.1144518,0
9.1337996,0
9.1527661,0
9.1681598,0
9.1821326,0
9.1935305,0
9.2031471,0
9.213497,0
9.2272365,0
9.2438509,0
9.2624341,0
9.2819048,0
9.2963735,0
9.3064797,0
9.3210712,0
9.3403357,0
9.3622626,0
9.3804937,0
9.3930103,0
9.4117956,0
9.431435,0
9.4539724,16908.20313
9.4738055,10910.05566
9.4901471,0
9.4982846,0
9.5018658,15292.31836
9.5049928,9017.444336
9.5087658,0
9.5110886,8132.356445
9.5134136,8318.231445
9.5157365,0
9.5204406,0
9.5251552,0
9.5298114,0
9.5332218,0
9.5363385,0
9.5444925,0
9.5491821,0
9.5562342,0
9.5749882,0
9.5781777,0
9.5862985,0
9.589911,0
9.6008818,0
9.6080796,0
9.6118754,0
9.6151546,0
9.6200587,5362.277344
9.6238753,0
9.6270753,0
9.6319419,0
9.6368482,0
9.640794,4958.463379
9.6441398,0
9.6464627,0
9.651546,0
9.6556668,7331.049805
9.6589585,0
9.6612813,0
9.6636063,0
9.6659292,0
9.6682521,0
9.6705771,0
9.6749833,0
9.6773083,0
9.6796312,0
9.6819541,0
9.6842791,0
9.686602,0
9.6889249,0
9.6912499,0
9.6964227,0
9.7013269,0
9.7055935,0
9.7086706,0
9.7109935,0
9.7133185,0
9.7156413,0
9.7179663,0
9.7202892,0
9.7226121,0
9.7249371,0
9.72726,0
9.7295829,0
9.7319079,0
9.7342308,0
9.7365558,0
9.7388787,0
9.7412016,0
9.7435266,0
9.7458495,0
9.7481724,0
9.7504974,0
9.7528203,0
9.7551453,0
9.7574682,0
9.759791,0
9.7650223,0
9.7693264,0
9.7723993,0
9.7747222,0
9.7770472,0
9.7793701,0
9.7816951,0
9.784018,0
9.7863409,0
9.7886659,0
9.7909887,0
9.7964096,0
9.8004699,0
9.8037803,0
9.8061032,0
9.8084261,0
9.8107511,0
9.8194657,0
9.8239198,0
9.8270073,0
9.8293322,0
9.8316551,0
9.833978,0
9.836303,0
9.8386259,0
9.8433197,0
9.8485092,0
9.852853,0
9.8562571,0
9.858582,0
9.8609049,0
9.8632278,0
9.8655528,0
9.8678757,0
9.8701986,0
9.8725236,0
9.8748465,0
9.8771715,0
9.8794944,0
9.8818173,0
9.8841423,0
9.8864651,0
9.8887881,0
9.891113,0
9.893436,0
9.8957609,0
9.8980838,0
9.9004067,0
9.9027317,0
9.9050546,0
9.9073775,0
9.9097025,0
9.9120254,0
9.9143504,0
9.9166733,0
9.9189962,0
9.9213211,0
9.9261586,0
9.9284836,0
9.9308065,0
9.9331294,0
9.9354544,0
9.9377773,0
9.9401002,0
9.9424252,0
9.9447481,0
9.947071,0
9.949396,0
9.9517189,0
9.9540439,0
9.9563667,0
9.9586896,0
9.9610146,0
9.9633375,0
9.9656625,0
9.9679854,0
9.9703083,0
9.9726333,0
9.9749562,0
9.9772791,0
9.9796041,0
9.981927,0
9.984252,0
9.9865749,0
9.9888978,0
9.9912228,0
9.9935457,0
9.9958686,0
9.9981935,0
10.000516,0
10.002841,0
10.005164,0
10.007487,0
10.009812,0
10.012135,0
10.014458,0
10.016783,0
10.019106,0
10.021429,0
10.023754,0
10.026077,0
10.028402,0
10.030725,0
10.033047,0
10.035372,0
10.037695,0
10.040018,0
10.042343,0
10.044666,0
10.046991,0
10.049314,0
10.051637,0
10.053962,0
10.056285,0
10.058608,0
10.060933,0
10.063256,0
10.065581,0
10.067903,0
10.070226,0
10.072551,0
10.074874,0
10.077197,0
10.079522,0
10.081845,0
10.08417,0
10.086493,0
10.088816,0
10.093651,0
10.095974,0
10.098297,0
10.100622,0
10.102945,0
10.105268,0
10.107593,0
10.109916,0
10.112239,0
10.114564,0
10.116886,0
10.119211,0
10.121534,0
10.123857,0
10.126182,0
10.128505,0
10.13083,0
10.133153,0
10.135476,0
10.141015,0
10.145086,0
10.147409,0
10.149734,0
10.152057,0
10.15438,0
10.156705,0
10.159028,0
10.161351,0
10.163676,0
10.165999,0
10.168324,0
10.170646,0
10.172969,0
10.175294,0
10.177617,0
10.17994,0
10.182265,3125.967041
10.184588,0
10.186911,0
10.189236,0
10.191559,0
10.193884,0
10.196207,0
10.19853,0
10.200855,0
10.203178,0
10.205507,0
10.20783,0
10.210155,0
10.212477,0
10.2148,0
10.217125,0
10.219448,0
10.221771,0
10.224096,0
10.226419,0
10.228744,0
10.231067,0
10.23339,0
10.235715,0
10.238038,0
10.240361,0
10.242686,0
10.245008,3676.661621
10.247333,0
10.249656,0
10.251979,0
10.254304,0
10.258,0
10.260323,0
10.262648,0
10.264981,0
10.267304,0
10.269629,0
10.271952,0
10.274275,3003.784668
10.2766,0
10.278923,0
10.281246,0
10.283571,0
10.2859,0
10.288225,0
10.290548,0
10.292871,0
10.295196,0
10.297518,0
10.299841,0
10.302166,0
10.304489,0
10.306814,0
10.309137,0
10.31146,0
10.313785,0
10.316108,0
10.318431,0
10.320756,0
10.323081,0
10.325404,0
10.327729,0
10.330052,0
10.332375,0
10.334699,0
10.337022,0
10.339354,0
10.344189,0
10.346512,0
10.348837,0
10.35116,0
10.353485,0
10.355808,0
10.358131,0
10.360456,0
10.362778,0
10.365101,0
10.367426,0
10.369749,0
10.372074,0
10.374397,0
10.376726,0
10.379049,0
10.381374,0
10.383697,0
10.38602,0
10.388345,0
10.390668,0
10.396366,0
10.400597,0
10.40292,0
10.405245,0
10.407568,0
10.409891,0
10.412216,0
10.414539,0
10.416861,0
10.419186,0
10.421509,0
10.423834,0
10.426157,0
10.42848,0
10.430805,0
10.433128,0
10.435451,0
10.437776,0
10.440099,0
10.442424,0
10.444747,0
10.44707,0
10.449395,0
10.451717,0
10.45404,0
10.456367,0
10.45869,0
10.461015,0
10.463338,0
10.465661,0
10.467986,0
10.470309,0
10.472636,0
10.474959,0
10.477284,0
10.479607,0
10.48193,0
10.484255,0
10.486578,0
10.488901,0
10.491225,0
10.493548,0
10.495873,0
10.498196,0
10.500519,0
10.502844,0
10.505167,0
10.510007,0
10.51233,0
10.514654,0
10.516977,0
10.5193,0
10.521625,0
10.523948,0
10.526273,0
10.528596,0
10.530919,0
10.533244,0
10.535567,0
10.537892,0
10.540215,0
10.542538,0
10.544863,0
10.547185,0
10.549508,0
10.551833,0
10.554156,0
10.556479,0
10.558804,0
10.561127,0
10.566792,0
10.571029,0
10.573352,0
10.575677,0
10.578,0
10.580325,0
10.582648,0
10.584971,0
10.587296,0
10.592127,0
10.59445,0
10.603585,0
10.607516,0
10.612693,0
10.61665,0
10.619845,0
10.622168,0
10.624493,0
10.626816,0
10.629139,0
10.631464,0
10.633787,0
10.63611,0
10.64101,0
10.644858,0
10.648435,0
10.65076,0
10.653083,0
10.655408,0
10.657731,0
10.660053,0
10.662378,0
10.664701,0
10.667024,0
10.669349,0
10.671672,0
10.673997,0
10.67632,0
10.678643,0
10.680968,0
10.683291,0
10.685614,0
10.687939,0
10.690262,0
10.692587,0
10.694909,0
10.697232,0
10.699557,0
10.70188,0
10.704203,0
10.706528,0
10.708851,0
10.711176,0
10.713499,0
10.715822,0
10.718147,0
10.72047,0
10.722793,0
10.725118,0
10.72744,0
10.729765,0
10.732088,0
10.734411,0
10.736736,0
10.739059,0
10.741382,0
10.743707,0
10.74603,0
10.748355,0
10.750678,0
10.753001,0
10.755326,0
10.759963,0
10.778994,0
10.798115,0
10.817246,0
10.836486,0
10.858533,0
10.877902,0
10.885941,0
10.889296,0
10.892668,0
10.895827,0
10.900466,0
10.903923,0
10.907133,0
10.9105,0
10.913847,0
10.916952,0
10.919275,0
10.9216,0
10.923922,0
10.926247,0
10.92857,0
10.930893,0
10.933218,0
10.937862,0
10.941491,0
10.944685,0
10.94701,0
10.949333,0
10.951656,0
10.953981,0
10.958637,0
10.962383,0
10.965493,0
10.967818,0
10.972518,0
10.97723,0
10.982007,0
10.986803,0
10.990768,0
10.993959,0
10.998799,0
11.002678,0
11.005968,0
11.010205,0
11.012528,0
11.014851,0
11.017176,0
11.019499,0
11.021824,0
11.024147,0
11.02647,0
11.028795,0
11.031118,0
11.03344,0
11.035765,0
11.038088,0
11.040413,0
11.042736,0
11.045059,0
11.047384,0
11.049707,0
11.05203,0
11.054355,0
11.056678,0
11.059003,0
11.061326,0
11.063649,0
11.065974,0
11.068296,0
11.070619,0
11.072944,0
11.075267,0
11.077592,0
11.079915,0
11.082238,0
11.084563,0
11.086886,0
11.089209,0
11.091534,0
11.093857,0
11.096182,0
11.098505,0
11.100827,0
11.103152,0
11.108654,0
11.112884,0
11.115207,0
11.117531,0
11.119854,0
11.122177,0
11.124502,0
11.126825,0
11.129148,0
11.131473,0
11.133796,0
11.136121,0
11.138444,0
11.140767,0
11.143092,0
11.145415,0
11.147738,0
11.153235,0
11.157471,0
11.159794,0
11.162119,0
11.167614,0
11.171846,0
11.175537,0
11.17786,0
11.180185,0
11.182508,0
11.184831,0
11.187156,0
11.189479,0
11.191802,0
11.194127,0
11.19645,0
11.198775,0
11.201098,0
11.203423,0
11.205745,0
11.20807,0
11.210393,0
11.212716,0
11.215041,0
11.217364,0
11.219687,0
11.222012,0
11.224335,0
11.22666,0
11.228983,0
11.231306,0
11.233631,0
11.235954,0
11.238277,0
11.240601,0
11.242924,0
11.245249,0
11.247572,0
11.249895,0
11.25222,0
11.254543,0
11.259383,0
11.261708,0
11.26403,0
11.266353,0
11.268678,0
11.271001,0
11.273326,0
11.278824,0
11.283055,0
11.28538,0
11.287703,0
11.290028,0
11.292351,0
11.294674,0
11.296999,0
11.299324,0
11.301647,0
11.303972,0
11.306295,0
11.308618,0
11.310943,0
11.313266,0
11.315591,0
11.317913,0
11.323428,0
11.327663,0
11.329986,0
11.332311,0
11.337809,0
11.34204,0
11.34688,0
11.349203,0
11.351526,0
11.353851,0
11.356174,0
11.358499,0
11.360821,0
11.363144,0
11.365469,0
11.367792,0
11.370115,0
11.37244,0
11.374763,0
11.377088,0
11.379411,0
11.381734,0
11.384059,0
11.386382,0
11.388705,0
11.39103,0
11.393352,0
11.395677,0
11.398,0
11.400323,0
11.402648,0
11.404971,0
11.407294,0
11.409619,0
11.411942,0
11.414267,0
11.41659,0
11.418913,0
11.421238,0
11.426079,0
11.428402,0
11.430727,0
11.43305,0
11.435373,0
11.437698,0
11.440021,0
11.442346,0
11.447844,0
11.45191,0
11.454233,0
11.456558,0
11.458881,0
11.461204,0
11.463529,0
11.465852,0
11.468175,0
11.4705,0
11.472823,0
11.475148,0
11.477471,0
11.479794,0
11.482119,0
11.484441,0
11.486764,0
11.489089,0
11.491412,0
11.493737,0
11.49606,0
11.498383,0
11.500708,0
11.503031,0
11.508531,0
11.513375,0
11.5157,0
11.518022,0
11.520345,0
11.52267,0
11.524993,0
11.527316,0
11.529641,0
11.531964,0
11.534289,0
11.536612,0
11.538935,0
11.54126,0
11.543583,0
11.545906,0
11.548231,0
11.550553,0
11.552878,0
11.555201,0
11.557524,0
11.559849,0
11.562172,0
11.564495,0
11.56682,0
11.569143,0
11.571468,0
11.573791,0
11.576114,0
11.578439,0
11.580762,0
11.583084,0
11.585409,0
11.587732,0
11.592572,0
11.594895,0
11.597218,0
11.599543,0
11.601866,0
11.604191,0
11.606513,0
11.608836,0
11.611161,0
11.613484,0
11.618982,0
11.623049,0
11.625372,0
11.627697,0
11.63002,0
11.632342,0
11.634667,0
11.63699,0
11.639313,0
11.641638,0
11.647136,0
11.651371,0
11.653694,0
11.656019,0
11.658342,0
11.660665,0
11.66299,0
11.665313,0
11.667638,0
11.669961,0
11.672284,0
11.680509,0
11.684744,0
11.687069,0
11.689392,0
11.691715,0
11.69404,0
11.696363,0
11.698688,0
11.701011,0
11.703334,0
11.705659,0
11.707982,0
11.710304,0
11.712629,0
11.714952,0
11.717277,0
11.7196,0
11.721923,0
11.724248,0
11.726571,0
11.728894,0
11.731219,0
11.733542,0
11.735867,0
11.73819,0
11.740513,0
11.742837,0
11.74516,0
11.747483,0
11.749808,0
11.752131,0
11.754456,0
11.759294,0
11.761619,0
11.763942,0
11.766264,0
11.768589,0
11.770912,0
11.773237,0
11.77556,0
11.777883,0
11.780208,0
11.782531,0
11.788029,0
11.792268,0
11.794591,0
11.796914,0
11.799239,0
11.801562,0
11.803885,0
11.80621,0
11.808533,0
11.810858,0
11.816356,0
11.820429,0
11.822754,0
11.825076,0
11.827402,0
11.829724,0
11.832047,0
11.834372,0
11.836695,0
11.839018,0
11.843849,0
11.849347,0
11.853418,0
11.855741,0
11.858064,0
11.860389,0
11.862712,0
11.865037,0
11.86736,0
11.869682,0
11.872007,0
11.87433,0
11.876655,0
11.878978,0
11.881301,0
11.883626,0
11.885949,0
11.888272,0
11.890597,0
11.89292,0
11.895243,0
11.897568,0
11.899891,0
11.902216,0
11.904538,0
11.906861,0
11.909186,0
11.911509,0
11.913832,0
11.916157,0
11.91848,0
11.920805,0
11.925636,0
11.927961,0
11.930284,0
11.932609,0
11.934932,0
11.937255,0
11.93958,0
11.941903,0
11.944226,0
11.946551,0
11.948874,0
11.951199,0
11.953521,0
11.959019,0
11.963259,0
11.965582,0
11.967907,0
11.97023,0
11.972553,0
11.974878,0
11.9772,0
11.979523,0
11.981848,0
11.987344,0
11.991413,0
11.993736,0
11.996061,0
11.998384,0
12.000707,0
