CLUSTERID1	CLUSTERID2	ComponentIndex	Cosine	DeltaMZ
39818	41386	1	0.7069	2.015
39818	42555	1	0.7372	0.000
39818	44354	1	0.7704	2.016
39818	46080	1	0.7546	-0.000
37895	44313	1	0.7878	-1.031
41503	44313	1	0.8823	0.000
42435	44313	1	0.7582	-2.016
43706	44313	1	0.7901	2.016
44313	46080	1	0.7149	5.027
37518	41396	1	0.7269	-5.989
37518	41503	1	0.7289	4.979
37518	42552	1	0.7568	-8.005
40570	41396	1	0.7176	1.979
40570	44939	1	0.775	3.995
37898	42390	1	0.8281	0.000
41044	42390	1	0.7938	-2.016
42390	43485	1	0.7228	2.016
42390	45211	1	0.7915	0.984
37906	42539	1	0.8928	-0.000
34075	37904	1	0.8211	-0.984
36049	37904	1	0.7856	-2.016
36866	37904	1	0.8111	2.016
37702	37904	1	0.8266	2.016
37782	37904	1	0.8406	1.031
37904	39512	1	0.7723	3.995
37904	41396	1	0.8236	6.011
37904	42552	1	0.9598	3.995
37904	45267	1	0.8404	4.980
37904	45698	1	0.7388	6.011
37543	46160	1	0.7038	4.979
43736	46160	1	0.8128	2.016
44765	46160	1	0.735	0.000
45211	46160	1	0.8002	-2.016
37898	41044	1	0.7657	2.016
37898	42436	1	0.7045	8.026
37898	43485	1	0.7985	2.016
37898	45211	1	0.8027	0.984
34075	42552	1	0.8241	3.011
37702	42552	1	0.7831	6.011
39512	42552	1	0.7839	0.000
41396	42552	1	0.9045	-2.016
42552	43701	1	0.8089	2.016
42552	44939	1	0.7566	4.031
42552	45267	1	0.8537	0.985
42552	45698	1	0.8332	2.016
41044	43485	1	0.7933	0.000
36049	43701	1	0.8453	3.995
37702	43701	1	0.7053	8.027
41396	43701	1	0.824	0.000
41678	43701	1	0.7006	4.032
43701	44939	1	0.8538	2.016
43701	45698	1	0.7664	0.000
34075	38948	1	0.7325	0.000
36051	41044	1	0.7752	0.000
36049	36866	1	0.7629	-4.031
36049	37702	1	0.7029	-4.032
36049	41396	1	0.8451	3.995
36049	41678	1	0.77	-0.036
36049	45698	1	0.7283	3.995
36866	37702	1	0.8515	-0.000
36866	37782	1	0.7121	0.984
36866	41678	1	0.9004	3.995
38282	41705	1	0.7314	0.984
41503	41705	1	0.7234	4.032
41705	42435	1	0.766	-2.016
41705	43526	1	0.8661	-0.984
37906	42436	1	0.7112	-9.984
37895	41109	1	0.8008	4.032
38282	41109	1	0.8115	2.016
38855	41109	1	0.7219	4.032
41109	42361	1	0.7615	-4.032
41109	42555	1	0.7352	-0.036
41109	43526	1	0.7925	-2.016
41109	44354	1	0.7294	1.980
34075	39512	1	0.7645	3.011
39512	41678	1	0.7873	-2.016
39512	45267	1	0.7661	0.985
36061	38282	1	0.7027	0.000
37895	38282	1	0.7279	2.016
38282	42555	1	0.7476	1.980
38282	43526	1	0.7024	0.000
38282	44252	1	0.7538	-2.016
38282	44354	1	0.7426	3.996
37895	41503	1	0.8096	-1.032
41503	42361	1	0.7562	1.032
41503	42435	1	0.7625	2.016
41503	43526	1	0.7169	3.047
41503	43706	1	0.7559	-2.016
41503	46080	1	0.73	5.027
36061	42361	1	0.7458	-2.016
37895	42361	1	0.9184	-0.000
38855	42361	1	0.8468	0.000
42361	42435	1	0.7472	0.984
42361	42555	1	0.8724	3.995
42361	43526	1	0.7773	2.016
42361	44354	1	0.7254	6.012
42361	46080	1	0.8361	3.995
37895	38855	1	0.852	-0.000
37895	42435	1	0.8198	0.984
37895	42555	1	0.8585	3.995
37895	43526	1	0.8739	2.016
37895	46080	1	0.8996	3.995
38855	42435	1	0.7293	0.984
37702	41678	1	0.8072	3.995
41396	41678	1	0.7095	-4.031
37702	37782	1	0.7661	0.984
38855	44252	1	0.8009	0.000
42555	44252	1	0.7603	-3.995
36061	44354	1	0.7144	3.996
41386	44354	1	0.7291	0.001
42555	44354	1	0.7731	2.016
44354	46080	1	0.8184	-2.016
36061	38855	1	0.7029	-2.016
38855	43526	1	0.7792	2.016
43526	46080	1	0.7104	1.980
38855	42555	1	0.7507	3.995
38855	46080	1	0.7261	3.995
34075	45267	1	0.7478	3.996
43736	44765	1	0.7118	2.016
39543	41044	1	0.7389	0.000
37702	41396	1	0.7686	8.027
41396	45698	1	0.8798	0.000
44939	45698	1	0.8225	-2.016
42555	46080	1	0.8537	-0.000
37543	42555	1	0.737	-8.004
41396	44939	1	0.807	2.016
44765	45211	1	0.7045	2.016
8322	18932	2	0.9737	0.000
19599	21679	3	0.8911	0.000
28325	28338	4	0.8726	2.005
28325	29526	4	0.8067	3.985
28325	29869	4	0.8045	3.985
28325	30433	4	0.7302	8.066
28325	33495	4	0.7998	3.984
28338	32351	4	0.7177	1.980
32351	32352	4	0.7926	-1.003
35704	36020	4	0.9882	-0.000
36020	36329	4	0.9841	0.000
30433	36020	4	0.8533	-2.982
31550	36020	4	0.9388	-1.999
30433	31550	4	0.8899	-0.983
29526	33495	4	0.9572	-0.001
29869	33495	4	0.858	-0.001
33212	33495	4	0.9484	-0.001
16606	22044	4	0.718	0.000
16606	24345	4	0.7383	0.000
22044	28338	4	0.715	-0.960
22044	30842	4	0.7284	2.974
22044	31143	4	0.7301	-5.990
28338	29869	4	0.7549	1.979
29526	29869	4	0.891	0.000
29869	33212	4	0.8546	0.000
29526	33212	4	0.9576	0.000
28338	30433	4	0.7382	6.061
23559	28338	4	0.847	0.002
30433	34716	4	0.8388	0.024
22014	31774	5	0.9026	1.980
4523	16905	6	0.8987	1.979
23027	24330	7	0.8986	0.000
30364	31924	8	0.761	-0.984
31924	34109	8	0.8233	0.984
31924	34744	8	0.8319	0.984
31924	35422	8	0.8936	0.000
31924	36135	8	0.861	0.001
31924	36326	8	0.8241	-2.034
31924	36626	8	0.778	-1.998
31924	40017	8	0.7919	-1.998
30364	30367	8	0.863	-1.003
30367	34109	8	0.8122	1.003
30367	34744	8	0.7705	1.004
34109	36135	8	0.8668	-0.983
34744	36135	8	0.9186	-0.983
35422	36135	8	0.9595	0.001
36135	36326	8	0.7668	-2.035
36135	36626	8	0.8359	-1.999
36135	38151	8	0.7747	2.926
36135	40017	8	0.8984	-1.999
30364	36135	8	0.7411	-0.983
34109	36326	8	0.7809	-3.018
34744	36326	8	0.7888	-3.018
35422	36326	8	0.8013	-2.034
35967	36326	8	0.8229	-2.054
36326	36626	8	0.9019	0.036
36326	38151	8	0.7489	4.961
36326	40017	8	0.8661	0.036
34109	34744	8	0.9591	0.000
34744	35422	8	0.8907	-0.984
34744	36626	8	0.8567	-2.982
34744	38151	8	0.811	1.943
34744	40017	8	0.8754	-2.982
30364	34744	8	0.8604	0.001
34109	40017	8	0.8207	-2.982
35422	40017	8	0.8582	-1.998
35967	40017	8	0.8801	-2.017
36626	40017	8	0.9357	-0.000
38151	40017	8	0.8132	-4.925
34109	35422	8	0.8803	-0.984
34109	36626	8	0.8478	-2.981
34109	38151	8	0.7952	1.943
30364	34109	8	0.8977	0.000
30364	35422	8	0.764	-0.983
35422	36626	8	0.8575	-1.998
35422	38151	8	0.7691	2.927
35967	36626	8	0.833	-2.017
36626	38151	8	0.8062	4.925
45709	46810	9	0.912	0.000
45709	47121	9	0.7591	-1.000
45709	47258	9	0.9124	0.000
45709	47714	9	0.9933	0.000
45709	48802	9	0.8751	0.001
45709	49411	9	0.9001	0.000
46810	49411	9	0.9729	0.000
47121	49411	9	0.7264	1.000
47258	49411	9	0.9756	-0.000
47358	49411	9	0.7449	1.979
47714	49411	9	0.9013	0.000
48802	49411	9	0.9693	-0.001
46810	47358	9	0.7673	-1.979
47358	48802	9	0.7415	1.979
46810	47121	9	0.7248	-1.000
47121	47258	9	0.7274	1.000
47121	47714	9	0.7493	1.000
47121	48802	9	0.7085	1.001
46810	47258	9	0.9469	0.000
46810	47714	9	0.911	0.000
46810	48802	9	0.9347	0.001
47258	47714	9	0.9118	-0.000
47714	48802	9	0.8794	0.001
47258	48802	9	0.9545	0.001
1572	4167	10	0.7912	7.016
849	1502	10	0.8535	9.029
1096	1502	10	0.891	0.976
1502	1574	10	0.9214	1.003
1502	2598	10	0.9039	1.028
1574	1959	10	0.7995	-4.969
1959	2165	10	0.91	6.985
1959	2973	10	0.8151	-9.021
1959	12400	10	0.9122	3.047
1959	14828	10	0.9078	3.047
1959	16216	10	0.8935	1.032
1959	17064	10	0.9288	3.047
858	4673	10	0.8106	-9.973
4673	4700	10	0.999	-0.037
859	8343	10	0.7915	2.046
633	766	10	0.7914	-0.019
859	1384	10	0.8775	0.965
1084	1384	10	0.8802	-0.977
1166	1384	10	0.8795	-0.997
1384	1386	10	0.9774	-1.008
1384	2394	10	0.9973	0.000
1384	2423	10	0.9975	-0.006
1384	2526	10	0.8813	0.997
1384	2837	10	0.9856	0.104
1384	2880	10	0.9911	0.038
1384	10151	10	0.8821	0.997
865	1166	10	0.9134	-0.984
1084	1166	10	0.9981	0.020
1166	2394	10	0.8803	-0.997
1166	2423	10	0.8873	-1.003
1166	2526	10	0.9974	0.000
1166	2880	10	0.8757	-0.959
1166	7124	10	0.987	0.107
1166	10151	10	0.9969	-0.000
1166	15553	10	0.89	-0.927
5011	8396	10	0.7852	7.042
633	1234	10	0.7897	2.016
1234	1379	10	0.8572	5.013
1234	2565	10	0.8494	5.014
1290	17258	10	0.8294	-6.974
1478	17258	10	0.8637	-3.937
1555	17258	10	0.7824	4.008
2973	17258	10	0.8647	-3.926
4062	17258	10	0.8472	2.038
7030	17258	10	0.9326	-1.979
12400	16216	10	0.908	-2.016
14828	16216	10	0.9184	-2.016
16216	17064	10	0.9533	2.016
16216	24382	10	0.8604	9.948
1890	16216	10	0.9044	-4.950
2165	16216	10	0.9114	-5.953
4167	16216	10	0.8495	-3.995
4514	16216	10	0.8639	-2.016
5688	16216	10	0.807	-6.044
1794	2091	10	0.9752	0.014
1989	2091	10	0.7917	1.082
2091	3412	10	0.8096	-0.984
2091	3628	10	0.912	0.000
2091	4080	10	0.8316	-1.993
1871	5329	10	0.8046	-1.068
2916	5329	10	0.8422	-0.036
4510	5329	10	0.9111	-0.000
5329	5881	10	0.793	0.036
5329	22218	10	0.8031	-9.985
1794	3628	10	0.8921	0.014
1989	3628	10	0.8469	1.082
3412	3628	10	0.835	0.985
3628	3691	10	0.8083	0.995
3628	3996	10	0.8595	-1.009
3628	6195	10	0.8026	-1.993
3628	11556	10	0.8129	-1.082
1290	6162	10	0.8003	0.995
3572	6162	10	0.7872	-9.948
943	1478	10	0.8796	-9.984
1871	2391	10	0.8004	-2.016
2391	2916	10	0.8117	0.984
2391	5881	10	0.8486	0.984
3572	12895	10	0.7872	-0.000
4700	12895	10	0.9321	5.953
5565	5688	10	0.9934	0.054
865	1084	10	0.914	-1.004
865	2526	10	0.9092	-0.984
865	10151	10	0.9025	-0.984
865	20555	10	0.7952	-1.009
6209	7030	10	0.794	-8.953
1478	1554	10	0.8836	0.025
1508	1554	10	0.9491	-0.011
1096	1989	10	0.8026	8.974
1574	1989	10	0.8032	6.995
1890	1989	10	0.97	5.982
1989	2165	10	0.9639	-4.979
1989	3691	10	0.9023	2.077
1989	12400	10	0.9344	-8.916
1989	14828	10	0.9348	-8.916
1989	17064	10	0.9679	-8.916
3691	5688	10	0.7932	-6.965
5688	6195	10	0.7916	3.977
5688	17064	10	0.8184	-4.028
859	1386	10	0.9038	-0.042
859	2394	10	0.8752	0.965
859	2423	10	0.8722	0.959
859	2880	10	0.8992	1.003
859	4688	10	0.9361	1.003
12400	14828	10	0.9826	0.000
14828	17064	10	0.9666	0.000
1290	14828	10	0.8316	9.021
1890	14828	10	0.9551	-2.934
2165	14828	10	0.9566	-3.938
3141	14828	10	0.8436	-5.990
4514	14828	10	0.9187	-0.000
1871	2916	10	0.8845	-1.032
1871	3253	10	0.8266	7.969
20913	24382	10	0.8181	-2.016
14761	24382	10	0.8608	-2.016
2916	3572	10	0.7844	8.964
2916	7030	10	0.8719	-6.974
2916	27968	10	0.8009	3.970
1290	4651	10	0.7932	9.995
3691	7151	10	0.8187	-1.009
4645	7151	10	0.9117	-0.000
7151	18080	10	0.9943	0.000
11556	14761	10	0.7908	1.032
14761	20913	10	0.9695	0.000
4167	14761	10	0.7976	7.969
4514	14761	10	0.7959	9.948
2973	22218	10	0.8487	-4.995
4062	22218	10	0.8107	0.969
4510	22218	10	0.8261	-9.986
858	884	10	0.9122	-1.003
1235	4062	10	0.7879	4.057
1478	4062	10	0.8081	-5.975
2973	4062	10	0.8304	-5.964
4062	7030	10	0.7858	4.017
4062	10513	10	0.8608	-6.999
1290	7030	10	0.8206	-4.995
1478	7030	10	0.8349	-1.958
1379	2565	10	0.9967	0.001
1890	2565	10	0.8935	9.016
12400	17064	10	0.9611	0.000
1574	17064	10	0.8099	-1.922
1890	17064	10	0.9716	-2.934
2165	17064	10	0.9657	-3.938
4514	17064	10	0.8832	-0.000
1890	12400	10	0.9489	-2.934
2165	12400	10	0.9478	-3.938
3141	12400	10	0.8689	-5.990
4510	12400	10	0.8353	7.078
4514	12400	10	0.901	-0.000
1794	3412	10	0.793	-0.971
3412	4080	10	0.8487	-1.009
1084	2394	10	0.8815	-0.977
1084	2423	10	0.8872	-0.983
1084	2526	10	0.9978	0.020
1084	7124	10	0.9827	0.127
1084	10151	10	0.9952	0.020
4167	8979	10	0.8478	0.984
1290	1478	10	0.8131	-3.036
634	2644	10	0.7923	-3.036
1235	2644	10	0.968	-0.000
1478	2644	10	0.8105	-10.032
2644	2973	10	0.7985	10.021
2644	4315	10	0.7846	-9.959
1379	1890	10	0.8859	-9.016
634	1235	10	0.8004	-3.036
3691	18080	10	0.8134	-1.009
4645	18080	10	0.9251	0.000
1386	2880	10	0.9725	1.045
2394	2880	10	0.9906	0.038
2423	2880	10	0.9913	0.044
2526	2880	10	0.8774	-0.959
2837	2880	10	0.9953	-0.066
2880	4688	10	0.8877	0.000
2880	10151	10	0.8752	0.959
1386	2423	10	0.9762	1.001
2394	2423	10	0.9967	-0.007
2423	2526	10	0.8907	1.003
2423	2837	10	0.9844	0.110
2423	10151	10	0.8896	1.003
2598	8396	10	0.7824	-5.978
2165	11556	10	0.8732	4.979
3691	11556	10	0.8204	-2.077
4514	20913	10	0.787	9.948
10151	15553	10	0.8988	-0.927
2394	10151	10	0.8819	0.997
2526	10151	10	0.9969	-0.000
7124	10151	10	0.9863	-0.107
3572	4650	10	0.8456	4.057
1890	3691	10	0.9059	8.059
2165	3691	10	0.9052	7.056
3691	6195	10	0.8942	-2.988
2973	20555	10	0.787	-0.062
1087	4650	10	0.7845	-0.035
3141	27968	10	0.8224	-9.062
1096	2598	10	0.9102	2.004
1574	2598	10	0.8861	0.025
2217	3141	10	0.9014	-0.984
1386	2394	10	0.9747	1.008
1386	4688	10	0.844	1.046
1386	15553	10	0.8324	1.078
1890	31322	10	0.8882	0.967
1235	1478	10	0.8199	10.032
1235	2973	10	0.8031	10.021
2394	2526	10	0.8821	0.997
2394	2837	10	0.9853	0.104
1478	1508	10	0.9143	0.036
858	4650	10	0.8584	0.000
1794	4080	10	0.8175	-1.979
3996	4080	10	0.8968	-0.984
1567	2217	10	0.7916	-0.984
11999	15553	10	0.891	-9.000
3996	6195	10	0.8024	-0.984
1478	2973	10	0.8359	-0.011
2526	7124	10	0.9843	0.107
2526	15553	10	0.8923	-0.927
2165	6195	10	0.9281	4.068
1096	1574	10	0.9577	1.979
2837	4688	10	0.8942	-0.066
1890	2165	10	0.988	1.003
2837	7124	10	0.8728	1.000
2837	15553	10	0.8163	-0.033
3594	8380	11	0.7155	-0.948
4890	5051	11	0.8459	1.040
2709	8380	11	0.7513	-1.979
5051	8380	11	0.9128	-0.984
2575	3877	12	0.7926	1.068
44617	46310	13	0.8621	-0.001
46310	47401	13	0.9506	-1.030
44617	47401	13	0.8365	-1.031
38899	41390	14	0.7403	2.016
40548	41390	14	0.7452	2.016
25248	41390	14	0.7083	3.995
29990	41390	14	0.8385	3.995
21374	29990	14	0.7345	-2.016
22411	29990	14	0.7603	-2.015
24568	29990	14	0.7375	-2.015
35500	40548	14	0.7488	2.016
35500	44745	14	0.8548	-9.984
38522	38899	14	0.7722	-2.016
21374	22411	14	0.9467	-0.000
22411	24568	14	0.8911	0.000
22411	25248	14	0.7083	-2.016
21374	24568	14	0.8318	-0.000
37878	38522	14	0.7511	0.036
35602	38522	14	0.7104	2.016
3252	3647	15	0.7654	-2.005
2143	2290	15	0.7292	-9.012
2143	3159	15	0.7161	-9.011
2143	3252	15	0.7582	4.020
3251	3252	15	0.7418	1.004
2290	3269	15	0.9001	-1.980
2983	3269	15	0.7323	1.003
3159	3269	15	0.8855	-1.980
3269	4160	15	0.9188	-0.984
1225	2718	15	0.8431	7.032
2290	4160	15	0.8256	-2.963
3159	4160	15	0.8159	-2.963
2290	3159	15	0.9867	0.000
2718	3252	15	0.8755	-0.949
38660	40577	16	0.7227	0.995
39241	40577	16	0.7683	-2.014
38660	39241	16	0.8406	3.009
4713	5623	17	0.708	0.019
101	4713	17	0.713	-0.067
34139	36091	18	0.7989	-5.024
36075	36091	18	0.9195	-1.003
36091	36157	18	0.7601	3.009
36091	39624	18	0.7633	3.009
34823	36901	18	0.7455	0.000
35493	36901	18	0.7647	0.000
36244	36901	18	0.8433	0.000
36901	37201	18	0.7001	-4.022
36901	39624	18	0.7622	-2.016
34139	36075	18	0.8014	-4.021
34139	36157	18	0.8839	-2.015
34139	36244	18	0.7655	-0.000
34139	39624	18	0.8732	-2.015
35493	36244	18	0.957	-0.000
36075	36244	18	0.7451	4.021
36157	36244	18	0.8096	2.015
36244	37201	18	0.7562	-4.021
36244	39624	18	0.7872	-2.015
36852	36889	18	0.8155	3.009
36889	37201	18	0.7862	-2.006
36889	37202	18	0.7793	-3.008
35493	36075	18	0.7512	-4.021
35493	36157	18	0.8111	-2.016
35493	37201	18	0.7205	-4.022
36075	36157	18	0.8336	2.006
36157	39624	18	0.8292	0.000
34823	37201	18	0.7438	-4.021
34823	45152	18	0.7328	8.953
36075	37201	18	0.7419	-0.000
36075	39624	18	0.7529	2.006
37201	39624	18	0.7265	2.006
39447	45152	18	0.7165	-5.027
36852	37202	18	0.9515	0.001
37201	37202	18	0.8152	-1.002
36852	37201	18	0.8466	1.003
34214	34766	19	0.7948	-2.015
34766	37854	19	0.762	2.014
34766	38353	19	0.9024	-0.000
34766	38629	19	0.7654	-8.970
38353	38629	19	0.7734	-8.970
38629	41471	19	0.7753	-2.998
34214	38353	19	0.7598	-2.015
34214	37854	19	0.7759	-0.000
1642	2923	20	0.8857	1.003
11071	11307	21	0.7395	1.056
11307	11756	21	0.8222	-0.036
38174	38235	22	0.957	-0.122
24944	26203	24	0.8064	0.001
24944	29899	24	0.8562	0.000
24944	31311	24	0.8018	-8.023
24944	34948	24	0.7835	9.952
33640	35848	24	0.8371	-0.000
34988	35848	24	0.9189	-2.016
35848	36342	24	0.978	0.001
35848	36410	24	0.8522	8.027
31817	35848	24	0.9064	1.979
26456	27413	24	0.8343	-0.001
26456	27903	24	0.8795	-0.000
25204	30826	24	0.7882	-0.000
25204	33698	24	0.7919	3.995
33674	35564	24	0.8448	3.995
29683	33674	24	0.846	-3.047
32549	33674	24	0.8863	-0.985
25556	26203	24	0.945	-0.000
25556	26751	24	0.931	-0.000
25556	27413	24	0.8203	2.015
25556	29899	24	0.8688	-0.000
25556	31819	24	0.8596	5.956
25556	34948	24	0.839	9.951
25556	35844	24	0.851	7.935
25556	36247	24	0.8126	9.951
25556	37820	24	0.8146	-6.080
25556	43632	24	0.8056	-7.064
34160	39209	24	0.9021	3.995
29648	39209	24	0.8108	3.995
35038	35644	24	0.8354	-2.016
32549	35644	24	0.8906	-0.985
27838	28000	24	0.7806	-0.037
35564	35844	24	0.8336	10.020
29683	35564	24	0.8269	0.948
36410	43010	24	0.7896	7.932
30835	41348	24	0.8289	0.994
33565	36687	24	0.7911	7.934
34161	36687	24	0.8188	7.935
35613	36687	24	0.9191	1.978
36514	36687	24	0.8849	1.978
36687	39426	24	0.879	2.017
36687	40073	24	0.9556	0.000
36687	40254	24	0.8278	8.028
26203	26751	24	0.9094	-0.000
26203	27413	24	0.8041	2.016
26203	29899	24	0.8913	-0.000
26203	31819	24	0.8451	5.956
26203	34948	24	0.8149	9.951
26203	36247	24	0.7937	9.952
26203	37820	24	0.787	-6.080
34160	35777	24	0.8444	-8.023
29614	34160	24	0.9153	-0.984
32549	35038	24	0.7958	1.031
35592	35654	24	0.8673	-3.994
35654	36480	24	0.9599	-0.000
35654	36685	24	0.9129	1.979
35654	38796	24	0.8328	1.979
35654	39320	24	0.8718	3.995
35654	40864	24	0.9017	1.979
29648	35654	24	0.8285	5.957
31779	35654	24	0.8832	-2.016
31921	35654	24	0.9763	0.001
30835	33699	24	0.8166	3.996
30835	36392	24	0.87	-4.009
33672	36392	24	0.8366	8.026
33699	36392	24	0.8138	-8.005
34948	36392	24	0.8503	6.011
35844	36392	24	0.8799	8.027
36247	36392	24	0.8554	6.011
36392	36628	24	0.8325	-7.980
31819	36392	24	0.868	10.006
33025	36392	24	0.7988	4.990
36973	37897	24	0.828	0.001
36973	38261	24	0.8084	2.016
30189	36973	24	0.8096	0.959
35592	36480	24	0.8427	-3.994
36480	36685	24	0.8988	1.980
36480	38063	24	0.7851	3.994
36480	38796	24	0.8443	1.979
36480	39320	24	0.895	3.995
36480	40864	24	0.9312	1.979
29648	36480	24	0.8117	5.957
31779	36480	24	0.9084	-2.017
31921	36480	24	0.9569	0.000
33672	36628	24	0.8024	0.046
34948	36628	24	0.8551	-1.969
35844	36628	24	0.9182	0.047
36247	36628	24	0.8094	-1.969
29899	36628	24	0.8197	7.983
31819	36628	24	0.8839	2.026
29648	31921	24	0.8223	5.956
31779	31921	24	0.8891	-2.017
31921	35592	24	0.8677	3.995
31921	36685	24	0.9142	1.980
31921	38063	24	0.8	3.995
31921	38796	24	0.8171	1.979
31921	39320	24	0.8689	3.996
31921	40864	24	0.8953	1.979
33672	35844	24	0.8527	-0.001
34948	35844	24	0.93	-2.016
35844	36247	24	0.8557	2.016
26751	35844	24	0.8382	7.936
29899	35844	24	0.8677	7.936
31819	35844	24	0.9372	1.979
34946	35592	24	0.8057	-2.016
34946	39320	24	0.7813	-2.015
25623	34946	24	0.8229	9.948
29614	29648	24	0.8633	-0.983
29648	33896	24	0.803	-7.039
29648	35592	24	0.8169	9.951
29648	36685	24	0.8324	7.936
29648	40864	24	0.8031	7.935
29648	41263	24	0.8128	-6.080
33672	34948	24	0.8315	2.015
26751	34948	24	0.8285	9.951
29899	34948	24	0.8364	9.952
31819	34948	24	0.9072	3.995
26751	27413	24	0.8216	2.016
26751	31819	24	0.858	5.956
26751	36247	24	0.7923	9.952
26751	37820	24	0.849	-6.080
26751	43632	24	0.8231	-7.064
29899	30177	24	0.8549	-7.039
29899	31819	24	0.8714	5.957
29899	36247	24	0.8327	9.952
29899	36974	24	0.836	-6.079
34161	34458	24	0.8304	-7.039
34458	38363	24	0.83	0.958
34458	41342	24	0.8201	0.959
25623	33668	24	0.8011	7.932
28796	35604	24	0.7968	0.949
34660	35349	24	0.9344	0.000
35349	36927	24	0.8744	1.979
35349	38100	24	0.8354	3.995
35349	40254	24	0.8427	-4.009
37820	43632	24	0.87	-0.984
30177	37820	24	0.8192	0.959
33640	34988	24	0.825	2.016
34988	36342	24	0.9239	-2.015
34988	36410	24	0.8484	6.011
30826	34988	24	0.9086	-10.021
31817	34988	24	0.8758	3.995
32529	34988	24	0.7936	1.032
33640	36410	24	0.812	8.027
36325	36410	24	0.7894	6.011
36342	36410	24	0.8607	8.027
28000	36410	24	0.805	-5.989
30826	36410	24	0.8493	-4.009
31817	36410	24	0.8285	10.006
32962	36410	24	0.8439	-5.989
33640	35604	24	0.8778	0.985
33640	36342	24	0.8446	0.001
31817	33640	24	0.8659	1.979
32529	33640	24	0.9075	-0.984
37817	38215	24	0.8759	-2.016
37817	41263	24	0.9065	-2.017
38996	44059	24	0.8676	7.936
38996	45201	24	0.8415	-6.080
29614	38996	24	0.8214	-2.015
37897	38261	24	0.8387	2.015
30189	37897	24	0.8832	0.960
36974	43632	24	0.7883	-0.984
28000	32962	24	0.8236	0.000
30826	32962	24	0.907	1.980
28000	30826	24	0.8033	-1.980
35604	38287	24	0.9012	-2.015
36514	38287	24	0.7824	1.979
35777	41263	24	0.7869	1.944
30095	35777	24	0.8176	-0.984
30189	36247	24	0.7836	-0.035
31819	36247	24	0.8772	3.995
34660	36927	24	0.8906	1.979
34660	38100	24	0.8386	3.995
34660	40254	24	0.8439	-4.009
38100	40254	24	0.7858	-8.004
30177	36974	24	0.7851	0.960
30826	31779	24	0.7805	3.996
30826	36325	24	0.7939	-10.021
30189	38261	24	0.8171	2.976
33896	38215	24	0.8536	0.960
34469	38215	24	0.8604	0.959
38215	41263	24	0.9326	-0.001
38215	42301	24	0.7919	2.015
30095	38215	24	0.812	0.960
36713	38796	24	0.8907	-0.984
38796	39320	24	0.7851	2.016
38796	40864	24	0.7825	-0.000
27413	27903	24	0.898	0.000
36927	40254	24	0.8641	-5.988
31819	33672	24	0.8887	1.980
33896	41263	24	0.8746	0.959
34469	41263	24	0.8937	0.958
41263	42301	24	0.8187	2.015
30095	41263	24	0.8291	0.959
35592	36685	24	0.9036	-2.015
36685	39320	24	0.8761	2.016
36685	40864	24	0.9297	-0.001
33565	34161	24	0.9191	-0.002
34161	35613	24	0.8183	5.958
34161	36514	24	0.8554	5.957
34161	38363	24	0.8015	-6.080
34161	39426	24	0.8282	9.952
34161	40073	24	0.8428	7.936
34161	41342	24	0.7969	-6.080
31817	33699	24	0.8005	0.985
35592	40864	24	0.8708	-2.015
39320	40864	24	0.9271	-2.017
33565	35613	24	0.791	5.956
33565	36514	24	0.7977	5.956
33565	38363	24	0.7861	-6.082
33565	39426	24	0.7938	9.950
33565	40073	24	0.7864	7.934
35613	36514	24	0.9489	-0.001
36514	39426	24	0.8595	3.995
36514	40073	24	0.9188	1.979
36514	40254	24	0.8208	10.006
36325	36342	24	0.7811	-2.015
31817	36342	24	0.9172	1.980
32529	36342	24	0.7892	-0.983
35613	39426	24	0.8822	3.994
35613	40073	24	0.9012	1.978
35613	40254	24	0.8187	10.006
39426	40254	24	0.8333	6.011
40073	40254	24	0.8412	8.028
39426	40073	24	0.8787	-2.016
30095	33896	24	0.9272	0.001
30095	34469	24	0.8908	0.001
33896	34469	24	0.9441	0.000
33896	42301	24	0.7942	2.974
31817	36325	24	0.7859	3.995
38363	41342	24	0.9704	0.000
35592	39320	24	0.9301	0.001
34469	42301	24	0.8154	2.974
34251	42845	25	0.7465	9.945
34251	38420	25	0.7535	-1.029
34251	42033	25	0.7369	-3.010
38420	42033	25	0.7187	-1.981
38392	40068	26	0.9627	-0.001
30625	31216	27	0.8303	0.000
31216	31689	27	0.9211	-0.000
31216	31991	27	0.8862	-0.000
31216	32391	27	0.9366	-0.000
31216	37905	27	0.7527	0.984
31216	42548	27	0.7916	3.995
36057	37567	27	0.7982	0.000
36057	37882	27	0.7742	2.016
36057	37905	27	0.815	-2.016
36057	38359	27	0.8082	0.000
36057	39107	27	0.7584	3.012
36057	39123	27	0.7046	2.016
36057	41253	27	0.9104	3.011
36057	41797	27	0.7399	2.016
30625	32391	27	0.8594	-0.000
31689	32391	27	0.9138	0.000
31991	32391	27	0.9058	-0.000
32391	37905	27	0.7739	0.984
32391	42548	27	0.7922	3.995
37567	38359	27	0.9674	0.000
37882	38359	27	0.7157	-2.016
37905	38359	27	0.8539	2.016
38359	39107	27	0.7943	3.011
38359	39123	27	0.7658	2.016
38359	41253	27	0.8119	3.011
38359	41797	27	0.8364	2.016
38359	42548	27	0.7249	0.995
29038	30625	27	0.7217	-2.016
37567	41797	27	0.8173	2.016
37905	41797	27	0.7583	4.032
39123	41797	27	0.9417	0.000
30625	31689	27	0.7846	-0.000
30625	31991	27	0.8035	-0.000
30625	37905	27	0.8485	0.984
30625	42548	27	0.8385	3.995
31689	31991	27	0.8923	0.000
31991	37905	27	0.8193	0.984
31991	42548	27	0.8146	3.995
37567	39107	27	0.791	3.012
39107	41253	27	0.7448	-0.000
39107	42548	27	0.7218	-2.016
37567	37905	27	0.8358	-2.016
37567	39123	27	0.7589	2.016
37567	41253	27	0.7909	3.011
37905	42548	27	0.9791	3.011
31689	37905	27	0.7403	0.984
41253	41618	27	0.7732	-4.032
41253	42548	27	0.8632	-2.016
41618	42548	27	0.8208	2.016
31689	42548	27	0.7634	3.995
708	1239	28	0.7884	0.110
636	708	28	0.9223	9.984
636	1062	28	0.866	-9.984
1062	1063	28	0.7524	-2.016
1062	9591	28	0.7018	-4.979
1062	11760	28	0.8259	-4.922
2092	3574	29	0.707	3.000
20088	22786	29	0.7784	-2.016
8807	15824	29	0.7009	7.980
14711	15824	29	0.9041	-0.001
2172	15824	29	0.7679	4.007
3440	15824	29	0.7253	4.043
3574	15824	29	0.7262	4.007
16899	20088	29	0.7221	-0.096
17315	20088	29	0.8065	0.000
20088	24902	29	0.7004	0.000
17031	19392	29	0.7571	2.016
19392	20192	29	0.8976	0.038
19392	20920	29	0.9821	0.000
14865	19392	29	0.7674	2.016
16390	19392	29	0.7671	3.995
20192	20920	29	0.8969	-0.038
14925	20192	29	0.7532	0.000
16390	20192	29	0.7315	4.033
17031	20920	29	0.7346	2.016
17031	23084	29	0.8113	0.000
14865	17031	29	0.9718	0.000
1779	2172	29	0.9026	0.036
1779	3440	29	0.8198	-0.000
1779	3517	29	0.7435	2.052
1779	3574	29	0.97	0.036
14865	16390	29	0.7078	-1.979
16390	17315	29	0.7238	-2.016
16390	20920	29	0.7444	3.995
16899	17315	29	0.83	-0.096
11188	16899	29	0.7265	0.096
3517	12280	29	0.7509	-7.068
2172	4602	29	0.7668	-8.951
3574	4602	29	0.7094	-8.951
11188	17315	29	0.8003	0.000
14865	20920	29	0.7396	2.016
3517	3574	29	0.7447	-2.016
2172	14925	29	0.7661	-8.987
2172	3440	29	0.9679	-0.036
3440	3574	29	0.8308	0.036
14865	23084	29	0.7945	0.000
2172	14711	29	0.7541	4.007
3574	14711	29	0.7218	4.007
2172	3574	29	0.9017	0.000
25125	26553	30	0.9035	-0.000
14276	14288	31	0.8078	1.003
46673	46855	32	0.8657	2.016
46855	47071	32	0.9012	-2.014
46673	47071	32	0.8795	0.001
3237	14291	33	0.7807	-4.958
32993	36970	34	0.7442	5.991
38355	40892	35	0.943	-0.002
28312	30195	36	0.8506	0.000
23802	28312	36	0.766	0.000
30195	33057	36	0.706	-2.016
23802	30195	36	0.7899	0.000
23802	33057	36	0.786	-2.016
35242	47120	37	0.7714	3.995
40382	47120	37	0.7226	2.016
28637	31838	38	0.7633	-0.985
30201	31838	38	0.8141	-2.016
31166	31838	38	0.8714	0.000
31838	40255	38	0.8257	-4.065
31838	41616	38	0.8728	7.934
31166	38253	38	0.7742	7.900
33085	38253	38	0.8885	-1.019
28637	31166	38	0.7402	-0.985
36846	41616	38	0.7527	-2.017
31166	41616	38	0.8992	7.934
31166	40255	38	0.8451	-4.065
29348	30201	38	0.7879	-0.000
13726	13807	39	0.7453	1.005
39205	41911	40	0.8523	-0.001
39862	41537	41	0.7606	-0.001
1518	1718	42	0.8827	-0.047
1712	1718	42	0.8791	-0.090
1518	1712	42	0.9057	0.043
21115	22935	43	0.7713	2.016
21115	27094	43	0.7909	3.011
21115	28129	43	0.9601	3.011
21115	34062	43	0.9576	3.995
27094	28129	43	0.8727	-0.000
28129	34062	43	0.946	0.984
24719	28129	43	0.7095	-8.027
27088	28126	43	0.7358	-0.000
27993	28126	43	0.9291	3.011
28126	34050	43	0.946	-0.000
21090	28126	43	0.9165	3.995
24719	28126	43	0.7411	9.984
14639	21090	43	0.7214	6.026
21090	22945	43	0.7295	2.016
21090	24719	43	0.7182	-5.989
21090	27088	43	0.8113	3.995
21090	27993	43	0.9638	0.984
21090	34050	43	0.9315	3.995
15363	21090	43	0.7371	2.016
2009	21090	43	0.7298	2.974
20520	21164	43	0.7364	-2.016
21164	24719	43	0.7202	5.027
18754	19408	43	0.7112	-2.016
15363	18754	43	0.7166	1.020
27088	34050	43	0.7239	-0.000
27993	34050	43	0.9315	3.011
24719	34050	43	0.7518	9.984
22935	29503	43	0.9336	3.011
23009	29503	43	0.9027	2.954
2009	22945	43	0.7128	4.990
13986	19408	43	0.7501	-3.995
21190	22945	43	0.7311	8.004
15971	21190	43	0.7091	-10.020
17734	20895	43	0.8009	-2.016
20520	20895	43	0.7226	3.995
27094	34062	43	0.8024	0.984
22945	29510	43	0.9242	3.995
22935	23009	43	0.9694	0.057
15525	22935	43	0.7014	-2.016
14499	15525	43	0.7118	2.016
8133	19408	43	0.7262	-0.127
3579	5765	44	0.8688	-0.984
3579	11705	44	0.9506	0.000
33374	35952	45	0.8087	-0.001
35952	36222	45	0.8687	0.001
32621	35952	45	0.7001	-2.016
32788	33374	45	0.9444	0.001
32621	33374	45	0.7165	-2.015
25769	27385	46	0.916	-0.000
47416	48281	47	0.9797	1.980
172	1122	48	0.9185	-4.979
172	49739	48	0.8874	0.000
1122	49739	48	0.8535	4.979
34850	37745	49	0.9413	0.003
48086	48702	50	0.9953	0.000
48702	48869	50	0.9964	0.000
48086	48869	50	0.9894	0.000
32153	33922	51	0.8515	-5.989
16861	19077	52	0.7399	0.000
11617	19077	52	0.7273	3.959
13727	19077	52	0.731	0.000
15976	19077	52	0.7305	0.036
11617	13727	52	0.7182	3.959
13727	14958	52	0.7945	10.021
13727	15976	52	0.8615	-0.036
13727	16861	52	0.9595	0.000
11954	12125	52	0.9378	0.036
11954	14958	52	0.7031	0.036
11617	16861	52	0.737	3.959
12125	14958	52	0.7063	0.000
14958	16861	52	0.8016	-10.020
15976	16861	52	0.9193	0.036
47316	47946	53	0.845	-0.000
5820	10412	54	0.8015	-0.984
1211	10412	54	0.8213	4.957
38594	40300	55	0.8422	-2.016
32161	37404	56	0.8723	1.980
37404	38198	56	0.9661	-0.000
4629	6038	57	0.8106	-0.984
4629	9338	57	0.805	0.958
9236	9338	57	0.831	1.978
6038	9236	57	0.7353	-0.035
6038	9158	57	0.7632	-5.989
6038	9338	57	0.8675	1.942
8642	9158	57	0.8157	10.024
4926	8642	57	0.8459	-1.999
4926	9158	57	0.8393	8.026
2177	8379	58	0.8765	-8.023
5050	8379	58	0.9963	0.000
2077	5496	58	0.7798	-9.984
5496	21470	58	0.9089	-4.010
1213	2705	58	0.78	-1.024
2077	2705	58	0.9182	-0.948
2113	2705	58	0.8496	-0.984
2177	2705	58	0.8482	3.977
1796	2145	58	0.7996	2.016
2141	2145	58	0.8628	2.027
2177	5050	58	0.8712	-8.023
844	1213	58	0.7625	0.113
1213	2077	58	0.838	-0.077
1213	2113	58	0.9618	-0.040
1796	2141	58	0.759	-0.011
2077	2113	58	0.9177	0.036
2077	2141	58	0.7455	-0.995
2077	2177	58	0.808	-4.925
2077	2242	58	0.7916	0.948
2113	2177	58	0.7488	-4.961
2141	3121	58	0.759	-0.025
5073	5629	60	0.9281	-0.000
5073	10145	60	0.7287	8.062
2706	10145	60	0.7347	-5.953
5629	10145	60	0.7245	8.063
9649	10796	61	0.9302	-1.003
10796	11922	61	0.8757	3.019
9649	11922	61	0.9032	2.015
39987	40038	62	0.9768	0.054
2743	20277	63	0.7056	-3.052
35525	36119	64	0.9884	0.000
36034	36119	64	0.9454	2.016
36119	36419	64	0.9377	-2.016
36119	44960	64	0.7443	2.016
35525	36034	64	0.9383	-2.016
35525	36419	64	0.9158	-2.016
35525	44960	64	0.7459	2.016
36034	44585	64	0.737	2.017
36419	44585	64	0.7427	2.017
44585	44960	64	0.9289	2.015
36034	36419	64	0.9706	0.000
35269	36372	65	0.7966	-2.017
35269	40566	65	0.9014	-2.017
35269	42930	65	0.8557	-2.016
36372	42930	65	0.8901	0.000
40566	42930	65	0.9113	0.000
36372	40566	65	0.887	0.000
36372	45141	65	0.7436	-2.016
24411	30727	66	0.8653	-0.001
35199	35496	67	0.8317	2.016
34890	35199	67	0.8676	-0.000
5888	6248	68	0.945	0.036
6248	6733	68	0.9186	-0.036
5071	5978	68	0.7948	-9.984
5907	5978	68	0.7242	3.995
5888	6733	68	0.8624	-0.000
1559	7186	68	0.7726	1.942
1559	9240	68	0.8309	1.942
1559	9969	68	0.7024	0.939
1559	14235	68	0.8054	1.943
9240	9969	68	0.8364	-1.004
9240	14235	68	0.9664	0.000
4189	9240	68	0.7219	1.979
5071	9240	68	0.8033	1.979
5649	9240	68	0.8533	1.979
5888	9240	68	0.7555	-2.016
7186	9240	68	0.9427	0.000
5071	5649	68	0.9495	0.000
5071	7186	68	0.8402	1.979
5071	14235	68	0.8415	1.979
4590	4668	68	0.8888	-0.108
4668	5907	68	0.7946	-0.984
5333	5907	68	0.9281	-0.000
4668	5333	68	0.819	-0.984
5649	7186	68	0.8766	1.979
5888	7186	68	0.7499	-2.016
7186	9969	68	0.7773	-1.004
7186	14235	68	0.9768	0.000
5649	14235	68	0.8766	1.979
5888	14235	68	0.7605	-2.015
4189	14235	68	0.7084	1.979
9969	14235	68	0.8121	1.004
24278	26582	69	0.7707	-2.015
10803	16097	70	0.7462	1.980
41943	43188	71	0.9079	2.012
36393	36542	72	0.8441	-0.106
6718	8525	73	0.8209	-2.016
25764	26777	74	0.9354	0.000
35232	40816	75	0.7159	-1.003
31174	38550	75	0.9626	0.001
31174	38929	75	0.7442	2.016
31174	39795	75	0.8999	0.001
31174	40642	75	0.8956	-2.014
38550	38929	75	0.7624	2.015
38929	39795	75	0.748	-2.015
29518	38929	75	0.7847	0.984
33158	38929	75	0.7579	0.984
39795	40816	75	0.7151	-1.004
36944	40642	75	0.7872	-0.984
38550	40642	75	0.8914	-2.015
39795	40642	75	0.8484	-2.015
32929	33158	75	0.7419	0.000
38550	39795	75	0.9039	0.000
29518	33158	75	0.893	0.000
42113	43564	76	0.7167	-2.909
42113	46096	76	0.7157	-2.907
43009	46096	76	0.7048	8.062
43564	46096	76	0.9203	0.002
40632	43009	76	0.9774	0.001
43009	43564	76	0.7089	8.060
40632	43564	76	0.7153	8.060
1037	7384	77	0.7289	1.968
1037	8152	77	0.8273	-0.011
1037	14803	77	0.7265	0.011
8152	14803	77	0.773	0.023
38588	40356	78	0.7149	-2.016
35233	40356	78	0.7894	-2.016
36401	40356	78	0.8802	-0.001
37599	40356	78	0.7506	-0.983
31151	40356	78	0.8004	-2.016
32306	40356	78	0.7578	-2.016
40304	45033	78	0.8877	-2.017
35233	36401	78	0.7306	-2.015
35233	40304	78	0.7922	3.995
31151	35233	78	0.88	-0.000
32306	35233	78	0.7173	0.000
31151	32306	78	0.7769	-0.001
31151	36401	78	0.794	-2.015
32306	36401	78	0.7758	-2.014
14394	22269	79	0.7267	-7.087
1241	2082	80	0.8709	-0.000
35105	39217	81	0.7969	3.048
29568	33006	82	0.7264	-6.974
32063	33006	82	0.7156	9.020
33006	38403	82	0.8601	0.038
33006	38530	82	0.7055	3.051
33006	38580	82	0.7407	6.027
38403	38580	82	0.8017	5.989
36818	40999	82	0.8574	-7.020
37330	40999	82	0.9535	0.036
36818	37330	82	0.8437	-7.056
32063	36818	82	0.7076	-6.937
29568	35097	82	0.9103	0.037
3834	5154	83	0.9172	9.995
4079	5154	83	0.8626	10.020
5154	5365	83	0.9734	-0.036
5154	7540	83	0.8266	-9.037
3834	7540	83	0.8591	0.958
5365	7540	83	0.7958	-9.001
3350	4079	83	0.8997	-1.009
3834	4079	83	0.9562	-0.025
4079	5365	83	0.8237	9.984
4079	5864	83	0.8895	2.040
3350	3834	83	0.9438	-0.984
3834	5365	83	0.8758	9.959
3834	5864	83	0.9512	2.015
4860	6960	84	0.748	-0.000
5415	6960	84	0.7768	-0.000
4521	4860	84	0.7749	0.984
4860	5349	84	0.8827	-0.984
4860	5415	84	0.9511	-0.000
4860	5982	84	0.825	-0.984
4860	9264	84	0.7198	-0.984
5415	9264	84	0.7077	-0.984
5349	5415	84	0.8289	0.984
5349	5982	84	0.95	-0.000
4521	5415	84	0.7412	0.983
5415	5982	84	0.818	-0.984
32607	37247	85	0.9668	-0.001
14758	17360	86	0.8823	0.000
3722	4475	86	0.953	0.000
4475	14758	86	0.7274	9.960
4475	15533	86	0.8256	-10.010
3722	14758	86	0.7129	9.960
3722	15533	86	0.8209	-10.010
5824	5887	87	0.9869	-0.016
36263	36931	88	0.9127	0.001
36263	46391	88	0.7455	-9.061
32146	36263	88	0.8333	-2.016
32466	36263	88	0.9334	-0.000
32146	36931	88	0.8444	-2.015
32466	36931	88	0.883	0.001
32466	41415	88	0.7336	-2.015
32146	32462	88	0.7353	3.973
32146	32466	88	0.8529	-2.016
32466	46391	88	0.7392	-9.062
38157	38247	89	0.7727	2.048
31729	38157	89	0.8119	-4.992
33194	38157	89	0.9028	10.007
38247	40908	89	0.7131	-1.031
3719	4435	90	0.8306	-0.037
3719	12150	90	0.7806	1.942
8880	10891	90	0.7009	-0.000
10891	12150	90	0.7422	-2.018
10891	12372	90	0.784	-0.012
4435	12150	90	0.7042	1.979
31295	32945	91	0.7563	2.016
30649	32945	91	0.8023	-2.015
6894	6902	92	0.9477	1.004
13866	14604	93	0.8514	-0.984
14604	16739	93	0.7068	1.943
13866	16739	93	0.7299	0.959
2870	5890	94	0.757	-0.000
36264	36303	95	0.9008	-0.983
36303	36921	95	0.9562	-0.002
36303	37399	95	0.8042	3.994
36303	44464	95	0.8306	1.942
32181	36303	95	0.8765	-2.015
32467	36303	95	0.9649	0.000
33405	37399	95	0.817	0.001
33405	37985	95	0.8049	0.001
33405	42632	95	0.8392	-2.012
33066	33405	95	0.7717	-2.017
36921	44464	95	0.8198	1.944
32467	44464	95	0.7783	1.942
27837	32181	95	0.8135	0.000
32181	32467	95	0.8767	-2.016
32181	36921	95	0.8867	-2.017
32467	36264	95	0.8813	0.984
32467	36921	95	0.9522	-0.001
32467	37399	95	0.8023	3.995
32467	37985	95	0.7618	3.994
32467	43693	95	0.7621	-7.047
36264	41416	95	0.8945	-2.015
36921	37399	95	0.7877	3.996
37399	37985	95	0.9433	-0.000
37399	42632	95	0.8781	-2.013
36921	37985	95	0.7869	3.996
37985	42632	95	0.8779	-2.013
33066	37985	95	0.7791	-2.016
33066	42632	95	0.802	-4.029
43015	43693	95	0.854	-2.016
36264	36921	95	0.8686	-0.985
8345	9405	96	0.9897	0.036
40029	41508	97	0.9106	-2.012
30446	31587	98	0.8686	-0.983
31587	35702	98	0.8212	-1.997
31587	35998	98	0.8168	-1.998
30446	33846	98	0.8544	1.943
30446	35702	98	0.8256	-2.981
30446	35998	98	0.8967	-2.981
35702	35998	98	0.8547	-0.000
33846	35998	98	0.8509	-4.924
8764	12305	99	0.7916	1.978
13040	13614	99	0.922	-0.119
12305	13614	99	0.8083	1.980
36675	41314	100	0.87	3.049
27147	27656	101	0.9547	-0.000
43920	44117	102	0.7717	0.000
624	1964	103	0.937	4.980
624	19667	103	0.8439	4.885
624	49743	103	0.9289	4.980
1964	19667	103	0.8535	-0.094
1964	49743	103	0.9789	0.000
19667	49743	103	0.8446	0.094
32784	32816	104	0.7311	2.006
32784	32785	104	0.8674	-1.004
46105	46668	105	0.7067	-5.027
34194	39841	106	0.7656	3.047
39222	39421	106	0.7153	9.056
34194	39222	106	0.8153	0.039
33645	35909	107	0.8367	0.000
41004	43052	109	0.8904	3.046
17216	20843	110	0.7112	0.982
20802	20843	110	0.9631	2.014
17216	20802	110	0.7179	-1.032
35837	36217	111	0.7818	-0.001
36217	38724	111	0.7166	0.000
35837	38724	111	0.8035	-0.001
46450	48044	112	0.9964	0.000
47139	48044	112	0.9852	0.000
47450	48044	112	0.9724	0.000
47888	48044	112	0.9907	0.000
48044	48473	112	0.9755	0.000
48044	48746	112	0.9819	0.000
48044	48910	112	0.9797	0.000
48044	49246	112	0.9798	0.000
46450	48746	112	0.9763	0.000
47139	48746	112	0.9835	0.000
47450	48746	112	0.9707	0.000
47888	48746	112	0.9895	0.000
48473	48746	112	0.9841	0.000
48746	48910	112	0.9722	0.000
48746	49246	112	0.9768	0.000
46450	47450	112	0.969	0.000
47139	47450	112	0.9856	0.000
47450	47888	112	0.9718	0.000
47450	48473	112	0.9834	0.000
47450	48910	112	0.9766	0.000
47450	49246	112	0.9768	0.000
46450	47888	112	0.9861	0.000
47139	47888	112	0.9838	0.000
47888	48473	112	0.9807	0.000
47888	48910	112	0.9738	0.000
47888	49246	112	0.9718	0.000
46450	47139	112	0.9811	0.000
47139	48473	112	0.9872	0.000
47139	48910	112	0.9824	0.000
47139	49246	112	0.9899	0.000
46450	48473	112	0.9722	0.000
46450	48910	112	0.9775	0.000
46450	49246	112	0.9783	0.000
48473	49246	112	0.9802	0.000
48910	49246	112	0.9926	0.000
48473	48910	112	0.9781	0.000
2122	2477	113	0.7723	-0.983
2477	3406	113	0.8592	1.942
2477	4384	113	0.8722	1.941
2477	7959	113	0.8286	1.977
3406	9344	113	0.7549	-0.949
4384	9344	113	0.7471	-0.948
2122	4384	113	0.766	0.959
3406	4384	113	0.9576	-0.000
4384	7959	113	0.8899	0.036
2122	3406	113	0.7402	0.959
2122	7959	113	0.7264	0.994
3406	7959	113	0.8824	0.036
11908	42981	114	0.7205	1.918
45834	47897	115	0.823	0.002
15998	17459	116	0.8774	-2.015
8531	11024	117	0.9412	0.000
37723	41256	118	0.7366	-8.005
46924	48892	119	0.8091	-0.000
47425	48892	119	0.8525	-0.000
48100	48892	119	0.9221	-0.000
46924	47425	119	0.9066	-0.000
47425	48100	119	0.959	0.000
46924	47720	119	0.7548	-1.980
46924	48100	119	0.8826	-0.000
47720	48269	119	0.8138	0.000
30655	34440	120	0.8614	-0.001
30655	34950	120	0.8574	-0.000
34440	34950	120	0.927	0.001
34696	37204	121	0.8881	-2.014
4614	4623	122	0.9561	7.969
18626	18627	123	0.7713	-1.005
34134	34732	124	0.8031	-0.001
34134	38968	124	0.8147	-2.016
30291	34134	124	0.9091	0.001
34732	38968	124	0.9032	-2.015
38968	43816	124	0.8183	-2.981
34732	35451	124	0.8089	-0.983
34732	36138	124	0.8091	-0.984
35451	36138	124	0.8235	-0.000
35451	36623	124	0.8222	-1.997
35451	40181	124	0.8376	-1.999
36623	40181	124	0.9133	-0.002
36623	43816	124	0.8652	-2.016
40181	43816	124	0.9139	-2.015
8975	26136	125	0.8771	0.000
3766	4677	125	0.7507	0.036
3766	14751	125	0.8506	-3.938
4677	4788	125	0.7035	10.020
12423	15342	125	0.7917	1.032
14751	15342	125	0.7149	3.974
12423	18534	125	0.9132	-0.984
8975	14751	125	0.7561	-3.995
33146	38246	126	0.7048	-0.036
1349	7081	127	0.7536	-9.031
12434	19648	128	0.763	-0.985
25374	38761	128	0.774	6.958
11031	12200	128	0.7319	-0.973
12200	15987	128	0.755	-6.974
12200	31185	128	0.7554	3.058
12200	38761	128	0.7673	-5.979
9422	9468	128	0.8671	8.004
28727	31185	128	0.7838	1.979
31185	38761	128	0.7882	-9.037
21041	31185	128	0.8088	1.979
21328	31185	128	0.8279	-4.020
11493	20043	128	0.735	-2.906
11493	24543	128	0.749	-2.906
21328	24543	128	0.8387	9.996
5551	24543	128	0.7918	8.031
9468	11031	128	0.819	3.995
11031	14453	128	0.7704	0.022
11031	15987	128	0.8761	-7.947
11031	21041	128	0.7029	0.106
11031	38761	128	0.7478	-6.952
21041	28727	128	0.9193	0.000
21041	38761	128	0.7451	-7.057
18521	24543	128	0.7361	7.043
12434	24543	128	0.7002	2.063
15987	38761	128	0.8149	0.995
20043	24543	128	0.9394	0.000
14453	38761	128	0.7008	-6.973
18338	19533	129	0.9497	-9.984
18338	19401	129	0.841	4.031
34679	35376	130	0.9131	0.002
16254	18088	131	0.8781	-0.001
38752	41545	132	0.9111	0.003
41545	42182	132	0.7751	2.012
38752	42182	132	0.7244	2.016
38994	39296	133	0.7621	-7.039
38994	40620	133	0.8263	5.957
38994	43646	133	0.8214	9.951
38994	44866	133	0.8235	-6.079
29612	38994	133	0.8643	-2.015
34453	38279	133	0.8032	0.960
38279	41240	133	0.9842	0.000
38279	44866	133	0.9035	-2.016
29612	38279	133	0.7988	-6.079
35317	40495	133	0.8228	-10.019
35660	36532	133	0.7919	0.000
36532	36681	133	0.8109	1.979
36532	38380	133	0.7673	1.979
36532	39398	133	0.7696	3.996
36532	40620	133	0.8568	-2.015
29612	36532	133	0.78	5.957
31920	36532	133	0.8646	0.000
37861	41246	133	0.822	-2.016
37861	44912	133	0.8417	-4.031
34689	35364	133	0.9272	0.002
34689	37193	133	0.8365	1.981
34689	39398	133	0.8664	-10.019
34689	39422	133	0.9097	-2.014
30760	34689	133	0.9337	-0.001
30789	34689	133	0.8094	-2.017
30760	30789	133	0.8422	2.016
30760	35364	133	0.9039	0.000
30760	37193	133	0.861	1.980
30760	39398	133	0.8466	-10.021
30760	39422	133	0.8797	-2.015
30790	33093	133	0.7872	-2.016
33093	38252	133	0.8816	-1.019
34671	40495	133	0.7715	-10.020
30761	30790	133	0.8776	2.015
30761	34169	133	0.7832	3.994
30761	34670	133	0.9645	-0.000
30761	35361	133	0.9399	-0.000
30761	37165	133	0.8683	1.979
34453	41240	133	0.8036	0.960
41240	44866	133	0.9082	-2.016
29612	41240	133	0.8014	-6.078
35364	36517	133	0.764	3.996
35364	37193	133	0.8262	1.979
35364	39398	133	0.8253	-10.021
35364	39422	133	0.8949	-2.016
30789	35364	133	0.833	-2.015
34670	35660	133	0.7688	3.995
35361	35660	133	0.7604	3.995
35660	36681	133	0.8103	1.979
35660	39398	133	0.8645	3.996
35660	40227	133	0.9191	1.980
35660	40620	133	0.8961	-2.015
29612	35660	133	0.7751	5.956
31920	35660	133	0.882	-0.000
30789	39422	133	0.7787	-4.031
38881	44912	133	0.8017	-6.080
41246	44912	133	0.821	-2.015
36681	39398	133	0.8423	2.017
39398	40227	133	0.902	-2.016
39398	43646	133	0.8988	-2.017
29612	39398	133	0.788	9.952
31920	39398	133	0.8192	3.996
35624	36680	133	0.7883	1.977
36680	40495	133	0.776	2.017
30790	34670	133	0.8748	-2.016
30790	35361	133	0.8943	-2.016
36517	40268	133	0.8333	1.979
40268	40495	133	0.8002	2.016
36681	40227	133	0.8611	0.001
29612	40227	133	0.7989	7.936
31920	40227	133	0.8484	1.980
34941	43646	133	0.8028	-4.033
40620	43646	133	0.8393	3.994
34453	39296	133	0.8168	-2.016
39296	44866	133	0.8442	0.959
35624	36517	133	0.8574	0.000
35624	40495	133	0.773	3.994
29608	35624	133	0.8205	5.958
34957	40495	133	0.8262	-2.016
36517	40495	133	0.8433	3.994
29608	40495	133	0.7753	9.953
35901	36681	133	0.8023	-2.016
29612	31920	133	0.8525	5.957
31920	36681	133	0.8897	1.979
31920	38380	133	0.7882	1.979
31920	40620	133	0.9026	-2.015
29612	36681	133	0.8691	7.935
29608	36517	133	0.7715	5.958
29608	38881	133	0.7903	-2.015
34670	35361	133	0.9663	-0.000
34670	37165	133	0.9029	1.979
35361	37165	133	0.8675	1.979
1268	2432	134	0.9916	0.000
28720	30029	135	0.7152	-0.000
7405	12114	136	0.9327	0.000
23366	24159	136	0.9262	0.000
15320	23366	136	0.7769	-0.984
12114	15320	136	0.7104	4.921
9510	15320	136	0.7438	-0.984
18397	20892	137	0.7843	-2.016
40178	40765	138	0.9539	-2.016
39890	41854	139	0.8399	0.001
26928	31945	140	0.9458	-0.000
27708	31945	140	0.7933	-0.039
28084	31945	140	0.8508	-0.001
31427	31945	140	0.9344	-2.015
31577	31945	140	0.8265	2.005
31585	31945	140	0.9219	-0.001
31945	32247	140	0.8596	-0.000
31577	37862	140	0.7749	3.986
31585	37862	140	0.7022	1.980
23869	37862	140	0.7327	-0.995
34096	34706	140	0.9588	0.001
34706	36143	140	0.8981	-0.985
34706	40234	140	0.8788	-2.983
28084	34706	140	0.7366	6.060
30343	34706	140	0.9605	-0.001
30965	34706	140	0.8586	9.000
31543	34706	140	0.8249	9.001
31577	34706	140	0.7166	8.067
32247	34706	140	0.7407	6.062
23869	34706	140	0.7459	3.087
37073	37721	140	0.9047	-0.001
27200	30965	140	0.9633	0.000
30965	31543	140	0.9514	-0.001
28084	30343	140	0.7541	6.061
30343	31543	140	0.8147	-9.002
30343	31577	140	0.7131	-8.068
30343	32247	140	0.7478	-6.063
30343	34096	140	0.9419	-0.002
26928	27708	140	0.7584	0.038
27708	28084	140	0.7669	-0.037
27708	31427	140	0.7533	1.977
27708	31577	140	0.8065	-2.044
27708	31585	140	0.8094	-0.038
27708	32247	140	0.7828	-0.039
23869	28084	140	0.7522	-2.974
23869	31577	140	0.7769	-4.981
23869	31585	140	0.7469	-2.975
23869	32247	140	0.7473	-2.976
23869	37721	140	0.8014	2.066
26928	31585	140	0.8924	0.000
28084	31585	140	0.9179	-0.001
31427	31585	140	0.8801	-2.015
31577	31585	140	0.8813	2.006
31585	32247	140	0.915	-0.001
31585	36919	140	0.7151	1.979
35452	36143	140	0.9703	-0.000
26928	28084	140	0.8328	0.001
28084	31427	140	0.8112	2.014
28084	31577	140	0.8625	-2.007
28084	32247	140	0.9684	-0.002
31427	31577	140	0.8177	-4.021
31577	32247	140	0.8528	2.005
26928	32247	140	0.8311	-0.001
31427	32247	140	0.8178	-2.016
31543	36143	140	0.8548	8.016
30213	37721	140	0.7512	0.959
27200	31543	140	0.9315	-0.001
35226	38561	141	0.7613	0.000
37584	38561	141	0.7084	1.032
38561	40310	141	0.7739	3.994
35226	37584	141	0.7226	-1.032
39404	39607	142	0.7609	0.046
3794	3905	143	0.9408	0.036
26882	27984	144	0.7318	-2.016
27984	34064	144	0.8751	0.000
21092	27984	144	0.9863	0.000
21092	26882	144	0.714	2.016
21092	34064	144	0.8588	0.000
19542	22734	145	0.9689	0.000
41620	44881	146	0.7416	-0.987
44616	44881	146	0.8619	-0.038
34462	41333	146	0.7253	0.960
41333	44616	146	0.7911	3.045
30152	34135	146	0.8787	-0.001
41175	44616	146	0.7157	-0.986
30152	34462	146	0.7553	-0.001
29502	30666	147	0.7316	2.017
29502	31107	147	0.7688	1.995
29502	31153	147	0.7306	-2.015
29502	32626	147	0.7857	2.017
29502	32861	147	0.8271	0.000
29502	33159	147	0.9467	0.000
29502	34815	147	0.7217	0.000
29502	35253	147	0.7578	-2.015
29502	44365	147	0.7942	3.995
33576	34184	147	0.8182	2.016
34184	34815	147	0.8134	-0.000
34184	35253	147	0.743	-2.016
30163	34184	147	0.8167	-0.001
31153	34184	147	0.8197	2.016
32626	34184	147	0.7584	-2.016
33576	34815	147	0.7379	2.016
33576	35253	147	0.7681	0.000
30163	33576	147	0.7322	-2.017
31153	33576	147	0.8749	-0.000
32432	33576	147	0.7433	-0.984
30666	32861	147	0.7597	-2.017
31153	32861	147	0.7551	2.016
32626	32861	147	0.7967	-2.016
32861	33159	147	0.8592	0.000
32861	35253	147	0.8113	-2.016
32861	44365	147	0.7176	3.995
31107	33159	147	0.7206	-1.994
30163	34815	147	0.8486	-0.001
31153	34815	147	0.7649	2.016
32626	34815	147	0.7319	-2.016
30666	33159	147	0.7205	-2.017
31153	33159	147	0.7115	2.016
32626	33159	147	0.8078	-2.016
33159	35253	147	0.7432	-2.016
33159	44365	147	0.8006	3.995
30666	32626	147	0.7825	-0.000
35253	43729	147	0.823	3.996
31153	35253	147	0.8534	-0.000
32432	35253	147	0.7403	-0.984
43729	44365	147	0.7144	2.015
31153	32432	147	0.8013	0.984
30434	31620	148	0.7835	-0.983
30434	32997	148	0.7813	9.021
30434	33821	148	0.7557	1.942
33772	37722	148	0.904	-0.035
34259	37722	148	0.8824	-0.035
37075	37722	148	0.798	-0.000
37722	38529	148	0.8589	0.036
30156	37722	148	0.8428	0.958
32997	37722	148	0.7653	5.953
33821	34414	148	0.769	3.048
34414	37763	148	0.7767	0.002
33821	37763	148	0.9008	3.050
33772	34259	148	0.8922	0.000
34259	38529	148	0.9431	0.001
30156	34259	148	0.8058	0.994
32997	33772	148	0.7025	5.989
32997	33821	148	0.7833	-7.079
32997	37075	148	0.912	5.954
33772	37075	148	0.7164	-0.035
33772	38529	148	0.8451	0.001
30156	38529	148	0.8654	0.994
30156	33772	148	0.7433	0.994
25547	25580	149	0.8856	0.000
15943	16412	150	0.815	-0.131
48844	49137	151	0.8186	-1.984
49137	49140	151	0.8979	-0.012
49137	49145	151	0.9054	0.003
49137	49175	151	0.8035	1.984
49137	49466	151	0.8233	1.983
49137	49493	151	0.891	-0.011
48697	49084	151	0.9466	0.000
48844	49084	151	0.8851	-1.000
49084	49140	151	0.7889	-0.996
49084	49175	151	0.9115	1.000
49084	49466	151	0.8633	0.999
49084	49493	151	0.8277	-0.995
48697	48844	151	0.8404	1.000
48697	49140	151	0.7463	-0.996
48697	49175	151	0.8663	1.000
48697	49466	151	0.8192	1.000
48697	49493	151	0.7839	-0.995
48844	49140	151	0.829	-1.996
48844	49145	151	0.7976	-1.981
48844	49175	151	0.966	0.000
48844	49466	151	0.9445	-0.001
48844	49493	151	0.8178	-1.995
49140	49466	151	0.7972	1.995
49145	49466	151	0.8501	1.980
49175	49466	151	0.8994	-0.001
49466	49493	151	0.7873	-1.994
49140	49175	151	0.8535	1.996
49145	49175	151	0.7437	1.981
49175	49493	151	0.842	-1.995
49140	49145	151	0.8482	0.015
49145	49493	151	0.8115	-0.014
49140	49493	151	0.9138	0.001
8020	13749	152	0.9227	-0.985
4849	9130	153	0.7481	-9.975
7673	9130	153	0.8686	3.000
4308	4849	153	0.9213	-0.036
181	185	154	0.9753	-1.995
185	1126	154	0.9773	0.000
185	8113	154	0.8725	-0.116
185	38755	154	0.9808	0.000
185	42067	154	0.9584	0.000
185	49557	154	0.9814	-0.024
185	49561	154	0.8719	1.971
185	49679	154	0.831	2.963
185	49705	154	0.9779	0.000
185	49709	154	0.8864	1.995
589	49589	154	0.7263	-0.997
589	49592	154	0.712	0.998
589	49652	154	0.9339	0.001
38755	42067	154	0.9827	0.000
38755	49557	154	0.9775	-0.024
38755	49561	154	0.8778	1.971
38755	49679	154	0.869	2.963
38755	49705	154	0.9755	0.000
38755	49709	154	0.8925	1.995
181	38755	154	0.9859	-1.995
1126	38755	154	0.9813	0.000
8113	38755	154	0.8937	0.116
181	561	154	0.7772	9.947
558	561	154	0.9317	-1.998
49561	49592	154	0.7167	-3.971
49589	49592	154	0.9864	1.995
49592	49652	154	0.7147	-0.997
49592	49709	154	0.7142	3.996
49592	49736	154	0.7808	2.997
49589	49652	154	0.7145	0.998
181	1126	154	0.9805	-1.995
181	42067	154	0.9777	-1.995
181	49557	154	0.9636	-2.019
181	49561	154	0.8397	-0.025
181	49705	154	0.9607	-1.995
181	49709	154	0.8436	0.000
181	49736	154	0.7936	-0.998
1126	8113	154	0.8829	-0.116
1126	42067	154	0.9708	0.000
1126	49557	154	0.9597	-0.024
1126	49561	154	0.868	1.971
1126	49679	154	0.8413	2.963
1126	49705	154	0.9558	0.000
1126	49709	154	0.8807	1.995
42067	49561	154	0.8494	1.971
49557	49561	154	0.8815	1.995
49561	49705	154	0.8875	-1.971
49561	49709	154	0.9897	0.025
49561	49736	154	0.8642	-0.974
49709	49736	154	0.8574	-0.998
42067	49709	154	0.8555	1.995
49557	49709	154	0.8934	2.019
49705	49709	154	0.8979	1.995
42067	49557	154	0.9578	-0.024
49557	49679	154	0.8343	2.987
49557	49705	154	0.9935	0.024
8113	49557	154	0.8814	0.092
42067	49705	154	0.9579	0.000
49679	49705	154	0.8386	-2.963
8113	49705	154	0.8786	0.116
42067	49679	154	0.8757	2.963
8113	49679	154	0.7316	3.080
8113	42067	154	0.9027	0.116
522	595	155	0.7246	-0.221
498	577	155	0.725	2.033
498	2994	155	0.7926	0.896
522	577	155	0.7739	-5.005
577	2994	155	0.7049	-1.137
9314	10228	156	0.9191	-0.086
34573	37620	157	0.8577	-2.015
35342	41621	157	0.7482	-4.995
37620	41621	157	0.8035	10.005
37620	44481	157	0.9496	0.985
42411	45966	158	0.7827	-0.036
43674	45966	158	0.8186	-2.015
39274	44471	158	0.7493	-1.979
33403	37984	158	0.8884	0.000
36311	37984	158	0.7632	3.994
36918	37984	158	0.8035	3.994
37397	37984	158	0.9378	-0.001
37984	42247	158	0.8027	-2.015
42411	44471	158	0.7737	0.000
43040	44471	158	0.7561	-3.995
43674	44471	158	0.782	-1.979
36311	41446	158	0.9081	-2.014
36918	41446	158	0.8874	-2.014
32444	41446	158	0.86	-2.013
32471	41446	158	0.8066	-4.031
33403	37397	158	0.9273	0.001
33403	42247	158	0.817	-2.014
32444	43674	158	0.7308	-7.046
42411	43674	158	0.7835	1.979
43040	43674	158	0.7472	-2.015
37397	42247	158	0.8266	-2.015
42411	43040	158	0.7707	3.995
36311	36918	158	0.9491	0.000
36918	37397	158	0.7612	3.995
32444	36918	158	0.8432	0.000
32471	36918	158	0.7652	-2.017
32444	32471	158	0.7815	2.017
32471	36311	158	0.7388	-2.017
32444	36311	158	0.8935	0.000
32444	37397	158	0.7267	3.995
36311	37397	158	0.7643	3.995
5303	6434	159	0.9991	0.000
40806	45767	160	0.719	-0.036
3773	5636	161	0.8578	1.979
33677	36396	162	0.7281	8.026
34908	36396	162	0.769	6.010
35924	36396	162	0.772	8.026
26263	36396	162	0.7995	-4.047
28865	36396	162	0.7327	-6.026
30794	36396	162	0.8294	-4.011
30932	36396	162	0.7268	5.974
31889	36396	162	0.8137	7.990
32550	36396	162	0.7269	7.042
33714	34975	162	0.8134	2.016
34908	34975	162	0.933	0.088
34975	35022	162	0.8088	1.929
30932	34975	162	0.835	0.052
30932	31889	162	0.845	-2.015
31889	34908	162	0.7878	1.979
31889	35924	162	0.7454	-0.036
31889	39603	162	0.7223	3.011
26263	30794	162	0.8515	-0.035
28865	30794	162	0.7556	-2.015
33677	33714	162	0.9584	0.088
33714	35924	162	0.8571	-0.088
33714	39603	162	0.7611	2.959
29713	33714	162	0.7825	0.052
29713	30932	162	0.7524	2.015
30932	32550	162	0.729	-1.068
30932	34908	162	0.8047	-0.036
30932	35022	162	0.9532	1.981
33677	35924	162	0.8591	-0.000
34908	35924	162	0.8224	-2.016
35924	39603	162	0.916	3.047
32550	35924	162	0.8649	-0.984
29713	32550	162	0.8431	0.948
32550	33677	162	0.8792	-0.984
32550	34908	162	0.782	1.032
26263	28865	162	0.7409	1.979
28865	33459	162	0.8504	3.011
33677	39603	162	0.7794	3.047
33677	34908	162	0.8209	2.015
29713	33677	162	0.7989	-0.036
34908	35022	162	0.7766	2.017
41589	43974	163	0.7652	-1.022
47480	49046	164	0.9716	1.980
4060	8006	165	0.7467	-0.000
4647	8006	165	0.7643	-0.000
4060	4647	165	0.9272	0.000
34119	34718	166	0.924	-0.000
34718	36147	166	0.8093	-0.984
34718	36633	166	0.7218	-2.982
34718	38140	166	0.7588	1.943
30368	34718	166	0.9164	-0.000
34119	36633	166	0.7307	-2.982
36147	36633	166	0.7593	-1.998
30368	36633	166	0.7001	-2.982
34119	38140	166	0.7537	1.943
38140	42469	166	0.8964	3.047
30368	38140	166	0.7629	1.943
34119	36147	166	0.7827	-0.984
30368	34119	166	0.9473	-0.000
30368	36147	166	0.775	-0.985
7632	9959	167	0.7085	0.037
32251	35403	168	0.8508	3.047
28191	30190	169	0.8551	0.001
29604	29640	170	0.9692	2.015
29640	33203	170	0.9364	6.996
29640	34077	170	0.8987	-7.020
29604	33203	170	0.9274	9.011
29604	34077	170	0.882	-5.005
14588	15048	171	0.9087	0.118
31660	33871	172	0.7191	2.016
33333	33871	172	0.8486	-2.016
31632	33871	172	0.7751	-0.000
31717	33871	172	0.7593	-2.016
32023	33871	172	0.772	-2.016
31632	32023	172	0.8532	2.016
31632	37396	172	0.8024	1.984
33333	37396	172	0.7529	-0.032
32023	33333	172	0.8556	-0.000
31717	32023	172	0.8717	0.001
32023	37396	172	0.7307	-0.032
10460	11678	173	0.7249	0.005
38170	38183	174	0.8781	1.005
25020	38183	174	0.9008	-0.036
25647	38183	174	0.8788	-0.037
25020	25647	174	0.971	0.000
25647	38170	174	0.8198	-1.041
25020	38170	174	0.8409	-1.041
29686	30070	175	0.9193	0.000
38756	49338	176	0.9735	0.001
4985	5391	177	0.9492	-0.011
5280	5391	177	0.7474	-0.040
4985	5280	177	0.7437	0.029
35219	45903	178	0.9116	0.984
40579	40580	179	0.7227	-1.002
30431	31588	180	0.8558	-0.983
31588	31794	180	0.8556	-0.037
31588	35703	180	0.8705	-1.999
31588	35997	180	0.9092	-1.999
31588	40018	180	0.8689	-4.010
30431	30432	180	0.766	-1.003
30431	31794	180	0.7638	-1.020
31794	35703	180	0.8422	-1.962
31794	35997	180	0.8291	-1.963
31794	40018	180	0.7812	-3.974
35703	35997	180	0.9471	-0.000
35703	40018	180	0.844	-2.011
30431	35703	180	0.8511	-2.982
30431	35997	180	0.8189	-2.983
30431	40018	180	0.7332	-4.994
35997	40018	180	0.8624	-2.011
2639	3052	181	0.7102	4.979
2639	5567	181	0.735	2.015
2639	6164	181	0.9012	1.979
898	3059	181	0.8132	4.961
927	3059	181	0.88	-1.979
898	927	181	0.8591	6.940
927	3052	181	0.7235	-2.999
927	9714	181	0.8568	6.058
898	3052	181	0.7101	3.941
5567	6164	181	0.714	-0.036
7352	17306	182	0.7915	-9.984
44161	47465	183	0.7285	1.032
47465	48301	183	0.7656	0.000
27196	30872	184	0.9382	0.000
30530	30872	184	0.9411	-2.016
30872	30875	184	0.8594	-2.007
30872	31501	184	0.9428	0.002
27196	30875	184	0.8531	-2.007
30875	31501	184	0.8577	2.009
30785	31501	184	0.8588	-2.015
30530	31501	184	0.8829	-2.014
27196	31501	184	0.8834	0.002
46879	48116	185	0.7757	1.979
48113	48116	185	0.7818	1.001
48116	48948	185	0.9524	0.000
48116	49460	185	0.9481	-0.000
46879	48948	185	0.8044	1.979
46879	49460	185	0.7744	1.979
48113	48948	185	0.8315	1.001
48113	49460	185	0.8116	1.000
48948	49460	185	0.9699	-0.000
4208	5969	186	0.8005	1.979
4208	6078	186	0.8277	2.021
5969	6078	186	0.8458	0.043
5969	6557	186	0.7584	2.016
830	3805	187	0.8048	9.021
830	2359	187	0.8059	-6.973
28715	29900	188	0.8046	5.098
28715	31340	188	0.8039	-2.926
28715	32944	188	0.8216	0.000
31863	32944	188	0.8403	6.974
32944	33589	188	0.7955	0.000
25007	25695	188	0.8737	-0.000
25695	29900	188	0.79	-0.982
25007	29900	188	0.8837	-0.982
29900	31340	188	0.809	-8.024
35009	35195	189	0.9036	0.001
6471	9107	190	0.8419	2.016
7443	8257	190	0.929	2.016
7443	11345	190	0.7938	-6.937
2195	5389	190	0.7239	1.032
5389	5796	190	0.7838	-2.016
9107	10090	190	0.7155	-6.008
10090	11955	190	0.8285	-7.042
11345	11955	190	0.8507	4.994
11345	12903	190	0.7356	-1.980
2195	9107	190	0.7282	-2.993
8257	9107	190	0.7463	9.091
11955	12903	190	0.8156	-6.973
39361	43448	191	0.7804	-2.052
2974	3044	192	0.9349	0.038
1639	2559	192	0.9716	-0.022
2559	2776	192	0.9914	0.022
2559	2793	192	0.8902	-0.982
2559	2974	192	0.7189	0.010
1639	2776	192	0.9773	-0.000
2776	2793	192	0.8986	-1.003
2776	2974	192	0.7123	-0.012
1639	2793	192	0.9159	-1.003
2793	2974	192	0.7341	0.991
1639	2974	192	0.7304	-0.012
13998	15805	193	0.7117	2.016
15805	16565	193	0.8153	2.015
13998	22942	193	0.7239	4.032
12062	18466	193	0.8691	0.000
18466	22291	193	0.7219	4.990
13998	22291	193	0.7833	0.000
21098	27981	193	0.9644	0.000
13998	21098	193	0.7867	2.016
13998	16565	193	0.7155	4.032
13998	27981	193	0.7533	2.016
21291	22247	194	0.7061	-0.983
33179	33180	195	0.7284	-1.002
3461	4198	196	0.7639	-2.016
35822	36161	197	0.9137	-0.001
36161	37781	197	0.9303	-1.960
35822	37781	197	0.8829	-1.961
801	49482	198	0.9406	0.000
18624	18654	199	0.9173	1.004
30927	30943	200	0.7549	0.003
33419	37410	201	0.8662	0.001
862	904	202	0.7937	0.051
904	1116	202	0.9258	0.009
904	1118	202	0.7666	-0.006
1116	1118	202	0.7537	-0.015
862	1116	202	0.8221	0.059
5025	13078	203	0.7884	9.968
2625	5025	203	0.7953	0.073
2625	3817	203	0.8923	0.000
31301	36249	204	0.926	2.016
37077	37824	204	0.892	0.001
32586	37077	204	0.7139	2.015
31301	32586	204	0.7148	-2.016
4123	4137	205	0.8586	-0.036
36747	40491	206	0.7031	-6.935
36312	37096	207	0.9759	-0.000
36976	37755	208	0.8398	-0.000
34099	45397	210	0.7666	2.972
38434	39341	211	0.7988	-2.016
38434	40513	211	0.8105	-4.030
9004	38434	211	0.7125	-0.061
39341	40513	211	0.9336	-2.014
10060	11329	212	0.9255	-2.017
16419	17536	213	0.8072	1.006
2149	5505	214	0.7437	-4.010
2928	5505	214	0.7763	-3.974
2149	2928	214	0.9602	-0.036
13832	13944	215	0.8455	-0.983
17276	17332	216	0.8736	1.003
9522	13904	217	0.7497	9.948
13904	20102	217	0.7965	4.067
13904	21217	217	0.8199	4.044
5753	13904	217	0.7259	-4.068
6532	13904	217	0.8132	-4.067
20102	21217	217	0.9261	-0.023
9755	20102	217	0.772	-9.949
3002	5753	217	0.7372	-0.000
5753	9755	217	0.7287	9.949
9755	19839	217	0.7051	-0.001
6532	9755	217	0.7679	9.949
6532	21217	217	0.7168	-0.023
3002	9402	217	0.706	7.932
192	588	218	0.9025	0.024
192	49765	218	0.9356	0.001
588	49765	218	0.8834	-0.023
36977	37735	219	0.929	-0.001
31371	31372	220	0.9196	-2.005
1219	1285	221	0.9711	0.011
26504	27269	223	0.7726	-0.981
25552	27269	223	0.8655	0.001
35504	36914	224	0.7358	-0.001
36168	36914	224	0.8875	-0.000
36914	37674	224	0.8079	0.000
36914	40517	224	0.7061	2.016
30628	36914	224	0.7251	3.011
35504	42553	224	0.7333	0.984
37674	42553	224	0.9111	0.984
30593	42553	224	0.7233	1.979
30628	42553	224	0.8493	3.996
41593	42553	224	0.7223	2.015
41731	42553	224	0.8949	-2.016
42553	43417	224	0.8609	2.016
28914	30989	224	0.8959	-2.016
30593	30989	224	0.8887	0.000
25827	29993	224	0.7501	2.016
26697	29993	224	0.7316	2.016
24123	29993	224	0.7253	2.016
30593	30628	224	0.7093	-2.016
30628	35504	224	0.8298	3.011
30628	36168	224	0.7158	3.011
30628	37674	224	0.8557	3.011
35504	36168	224	0.7222	-0.000
36168	37674	224	0.7407	0.000
36168	40517	224	0.7491	2.016
28914	30593	224	0.8419	-2.016
30593	41731	224	0.7677	3.995
30593	43417	224	0.76	3.995
41731	43417	224	0.8873	0.000
35504	40517	224	0.7202	2.016
37674	40517	224	0.7622	2.016
40517	41731	224	0.7617	0.984
25827	40517	224	0.7796	3.995
24123	40517	224	0.7719	3.995
25827	26697	224	0.8087	-0.000
24123	26697	224	0.7523	0.000
41593	41731	224	0.7073	4.031
35504	37674	224	0.7476	-0.000
24123	25827	224	0.7887	0.000
3538	5241	225	0.7658	-1.962
18172	21479	226	0.9345	0.000
1734	19878	227	0.8761	-7.922
42321	45533	228	0.7561	4.031
42321	46241	228	0.7441	-2.016
26991	30755	229	0.8996	-6.936
29107	29108	230	0.9251	-1.003
42405	44320	231	0.8713	2.017
42405	44500	231	0.9509	0.000
44320	44500	231	0.8776	-2.016
28318	38422	232	0.719	9.034
8307	27754	233	0.7862	-0.073
8547	10164	234	0.8164	0.017
8547	11028	234	0.8948	0.000
2286	4100	235	0.7994	7.969
10615	14117	236	0.8216	-7.969
17270	23176	237	0.9006	-1.032
8748	9102	237	0.7531	9.949
9102	17270	237	0.7368	-4.046
17270	25350	237	0.784	1.943
44635	44658	238	0.8683	3.008
1149	1376	239	0.9746	-0.013
7776	16268	240	0.7759	-9.984
1075	18117	242	0.7775	4.005
37470	37747	243	0.7082	0.019
25639	26351	244	0.7226	-2.016
25633	25639	244	0.8209	1.003
24691	25460	244	0.9467	2.016
24691	25529	244	0.7186	-1.003
24691	25639	244	0.7388	-2.015
24691	25901	244	0.9301	0.001
25529	25639	244	0.747	-1.012
25529	25901	244	0.7116	1.003
25639	25901	244	0.7208	2.016
25460	25901	244	0.9363	-2.016
34101	34760	247	0.9585	0.001
40907	44974	248	0.7823	0.001
40907	46861	248	0.7636	0.001
44974	46861	248	0.8696	0.000
31324	32396	249	0.996	-0.984
32396	36127	249	0.7841	-1.997
31324	36127	249	0.7849	-2.982
9810	15003	250	0.7539	-5.031
27839	32185	251	0.8726	-0.038
26935	26941	252	0.9583	-1.002
3697	3699	253	0.8535	-1.003
3697	3919	253	0.9674	0.048
3699	3919	253	0.8628	1.051
3314	3919	253	0.7468	0.977
46783	47607	254	0.9419	0.000
34829	35077	255	0.7566	-0.109
34888	38465	256	0.7923	1.978
26622	35812	257	0.7468	1.943
12199	12483	257	0.7406	1.015
24512	25208	257	0.8762	0.000
12199	25208	257	0.7024	0.925
24512	26622	257	0.8628	2.016
12199	14133	257	0.7309	2.976
46891	47968	259	0.9744	0.000
47256	47968	259	0.9858	0.000
47542	47968	259	0.9876	0.000
47968	48119	259	0.9872	0.000
47968	48489	259	0.9811	0.000
47968	48613	259	0.9827	0.000
47968	49000	259	0.9824	0.000
47968	49259	259	0.984	0.000
46891	48119	259	0.9888	0.000
47256	48119	259	0.9878	0.000
47542	48119	259	0.999	0.000
48119	48489	259	0.9936	0.000
48119	48613	259	0.9946	0.000
48119	49000	259	0.9942	0.000
48119	49259	259	0.9959	0.000
46891	47256	259	0.9791	0.000
46891	47542	259	0.9874	0.000
46891	48489	259	0.9853	0.000
46891	48613	259	0.9831	0.000
46891	49000	259	0.9835	0.000
46891	49259	259	0.983	0.000
47256	49259	259	0.984	0.000
47542	49259	259	0.9968	0.000
48489	49259	259	0.9898	0.000
48613	49259	259	0.9972	0.000
49000	49259	259	0.9921	0.000
47256	47542	259	0.9867	0.000
47256	48489	259	0.9901	0.000
47256	48613	259	0.9893	0.000
47256	49000	259	0.9821	0.000
47542	48489	259	0.993	0.000
48489	48613	259	0.9939	0.000
48489	49000	259	0.9939	0.000
47542	49000	259	0.9947	0.000
48613	49000	259	0.9903	0.000
47542	48613	259	0.9953	0.000
4940	8555	260	0.8588	0.000
43668	44472	261	0.7945	-0.522
41830	44472	261	0.7958	2.489
35238	35769	262	0.8102	-2.017
39762	39803	263	0.7461	-0.001
33082	35725	264	0.7883	-0.984
1679	3991	265	0.7087	-0.000
32830	35327	266	0.9001	3.996
32830	36237	266	0.8804	1.981
35327	36237	266	0.9315	-2.015
17917	20361	267	0.9773	0.000
20361	21210	267	0.704	-0.025
8705	20361	267	0.8436	6.011
7404	20361	267	0.9007	3.995
8705	17917	267	0.8083	6.011
7404	8705	267	0.8037	-2.016
7404	17917	267	0.8764	3.995
17917	21210	267	0.703	-0.025
34714	40056	268	0.8372	-2.982
35423	40056	268	0.8696	-1.998
36141	40056	268	0.819	-2.000
40056	42995	268	0.7918	-2.012
42783	43019	268	0.8164	-7.916
34012	34714	268	0.8214	-0.000
34714	35423	268	0.9045	-0.984
35423	36141	268	0.9413	0.002
35423	42783	268	0.7765	-3.036
35423	42995	268	0.7918	-4.010
36141	36573	268	0.7673	-0.037
34714	36141	268	0.8988	-0.982
36141	42995	268	0.7724	-4.012
42783	42995	268	0.765	-0.974
32517	35354	269	0.7637	0.000
32893	35354	269	0.717	-0.073
26015	27154	270	0.8785	-0.000
27154	38225	270	0.7251	-6.008
17348	21984	270	0.7389	-0.036
17348	38225	270	0.7294	3.960
25567	26196	271	0.7955	0.000
25567	26744	271	0.8676	-0.000
26196	26744	271	0.7955	-0.000
29166	29932	272	0.7195	0.001
48640	48885	273	0.9301	0.000
20612	20622	274	0.9486	1.002
11418	12724	275	0.7413	0.090
11418	16148	275	0.8478	2.974
38659	42522	276	0.8503	5.015
37110	37304	277	0.7385	3.012
34417	38318	278	0.7178	7.080
41989	43506	279	0.7871	0.000
12028	15070	280	0.9175	0.000
8118	8609	280	0.965	-0.069
8118	8815	280	0.9548	-0.106
8609	8815	280	0.978	-0.036
8815	12028	280	0.7267	2.016
11672	12028	280	0.7671	-2.015
44292	49336	281	0.9245	0.001
36822	40995	282	0.7964	-7.021
37329	40995	282	0.8698	3.045
42595	42596	283	0.7874	-1.003
42595	49620	283	0.7849	-1.002
20993	22764	284	0.8409	0.001
17901	18248	285	0.85	0.014
18248	21398	285	0.7613	1.966
17901	21398	285	0.7625	1.979
23905	25920	286	0.965	2.016
24609	25920	286	0.9785	0.001
23905	24609	286	0.9408	2.016
28088	31549	287	0.9772	-0.002
28088	32203	287	0.9582	-0.002
31549	32203	287	0.9642	0.000
2156	3735	288	0.7457	1.018
13467	13474	289	0.8175	1.006
30812	35049	290	0.9074	-10.022
31789	35049	290	0.8796	3.994
31789	36352	290	0.8694	1.979
35915	36352	290	0.9836	0.001
35049	41594	290	0.9044	-0.035
35049	36352	290	0.9324	-2.015
2278	2714	291	0.7184	-2.016
2714	3928	291	0.797	1.979
2278	2497	291	0.7495	3.995
41945	46063	292	0.7016	-0.001
13946	17653	293	0.751	-3.978
8403	9656	294	0.7875	-0.984
27722	27731	295	0.8561	1.003
33412	37993	296	0.8701	0.001
37993	41912	296	0.7802	-1.022
33412	37263	296	0.7325	-1.003
41912	45166	296	0.9028	0.036
36917	39886	297	0.7604	-0.983
20935	21905	298	0.9602	0.000
1891	2968	299	0.989	0.001
1891	3729	299	0.8304	1.979
1891	4355	299	0.904	-1.004
1891	4418	299	0.9846	-0.001
2985	3729	299	0.7517	-0.000
2968	4355	299	0.8966	-1.005
3729	4355	299	0.8105	-2.983
4355	4418	299	0.8957	1.003
2968	4418	299	0.9911	-0.001
3729	4418	299	0.8243	-1.980
2968	3729	299	0.8304	1.978
34349	36902	300	0.9007	-2.015
36902	37974	300	0.9299	2.014
34349	37974	300	0.8683	-0.000
38413	38618	301	0.7302	-2.018
38413	41733	301	0.7528	-2.016
38618	42345	301	0.7306	2.014
41733	42345	301	0.7361	2.013
38618	44916	301	0.7659	-1.028
38618	41733	301	0.9184	0.001
32446	36315	302	0.9286	0.000
32446	36935	302	0.9125	0.000
32446	37989	302	0.7438	3.011
33409	37400	302	0.8305	0.984
37400	37989	302	0.7669	-0.984
37400	42248	302	0.8075	-2.014
33409	37989	302	0.875	0.001
33067	33409	302	0.8197	-2.016
36315	36935	302	0.9649	-0.000
33067	37989	302	0.7553	-2.016
37989	45413	302	0.7982	1.943
26856	32163	303	0.8674	-0.000
26856	39675	303	0.7245	1.944
32163	39675	303	0.8126	1.944
42636	44595	304	0.9358	-0.002
866	1114	305	0.7404	-1.980
12310	15144	306	0.7453	3.995
15144	15500	306	0.8312	-1.979
1253	15144	306	0.7146	1.031
10414	12310	306	0.7656	-2.963
12310	12679	306	0.8343	-1.003
9340	12310	306	0.8114	0.995
9340	19642	306	0.7591	2.016
197	580	307	0.8127	0.023
197	49574	307	0.9104	0.023
197	49700	307	0.9117	0.000
49574	49700	307	0.9907	-0.023
10736	28236	308	0.736	-9.156
27637	28236	308	0.7082	-0.000
1450	2562	309	0.7962	2.005
1450	2563	309	0.9461	-0.011
2562	2563	309	0.822	-2.016
35969	42013	310	0.8861	1.947
8973	18319	311	0.7626	-6.010
36286	36957	312	0.8824	0.000
26320	26329	313	0.9256	0.039
30925	33102	314	0.7159	-2.016
6447	7071	315	0.9845	-0.037
3256	3634	316	0.7148	-0.067
21306	21308	317	0.9234	1.002
35237	45504	318	0.824	0.984
43484	45504	318	0.7092	5.956
32719	34884	319	0.8208	-0.000
2115	5275	320	0.7962	1.979
2482	5275	320	0.7578	0.000
3170	5275	320	0.7098	-2.016
2115	3170	320	0.7005	3.995
2115	2409	320	0.7576	2.004
2115	2482	320	0.8184	1.979
2409	2482	320	0.9062	-0.025
36016	36790	321	0.8451	-1.982
36746	36790	321	0.8658	1.003
25183	25967	322	0.7442	0.002
18135	23064	323	0.756	7.969
19206	23064	323	0.761	2.982
12316	23064	323	0.8141	0.000
35109	38051	324	0.7915	0.002
8317	10177	325	0.7454	1.977
8317	10098	325	0.8848	0.982
38524	40057	326	0.8654	-4.030
38524	40119	326	0.846	-0.000
38524	40723	326	0.8563	-2.014
40057	40119	326	0.9456	4.029
40057	40723	326	0.9747	2.015
40119	40723	326	0.9764	-2.014
43634	46826	327	0.8364	7.006
11458	12204	328	0.9347	0.043
676	2433	329	0.8487	-6.937
1270	2433	329	0.9526	0.000
2433	3099	329	0.8444	-8.026
676	1270	329	0.8438	-6.937
1270	3099	329	0.8229	-8.026
14201	20028	330	0.7528	-9.984
46352	47046	331	0.9726	0.000
46352	48965	331	0.8544	-1.979
46352	49317	331	0.8134	-1.980
46352	49432	331	0.8214	-1.999
46352	49441	331	0.9765	0.001
47046	48965	331	0.8556	-1.979
47046	49317	331	0.852	-1.981
47046	49432	331	0.8548	-1.999
47046	49441	331	0.973	0.000
48965	49441	331	0.8671	1.980
49317	49441	331	0.8322	1.981
49432	49441	331	0.8636	1.999
48965	49317	331	0.922	-0.001
48965	49432	331	0.8575	-0.019
49317	49432	331	0.8526	-0.018
41161	43503	332	0.7003	0.001
25882	26238	333	0.7621	0.970
2039	3089	334	0.843	-2.015
3089	8348	334	0.7252	2.963
28508	31032	335	0.7985	1.032
31032	36653	335	0.857	0.036
28508	36653	335	0.8281	1.068
5199	5498	336	0.8047	-4.979
5199	9171	336	0.7921	-2.015
5199	19663	336	0.8262	3.995
3649	19663	336	0.8153	6.977
38114	40274	337	0.7671	-1.962
44218	44508	338	0.7747	2.015
23888	31575	339	0.7036	1.032
16218	23888	339	0.9634	-0.000
1390	1735	340	0.9704	-0.036
8814	11105	341	0.7041	-0.037
27519	28506	342	0.8043	2.963
27519	30880	342	0.8543	3.995
27519	31981	342	0.8086	1.979
26186	27931	342	0.8427	2.962
26186	30880	342	0.8609	-10.022
30880	31981	342	0.7843	-2.015
28506	30880	342	0.8236	1.032
35008	35194	343	0.895	0.000
4831	5046	344	0.9463	-0.084
6726	7526	345	0.7765	-0.985
3064	7129	346	0.7765	0.000
3064	14552	346	0.7415	-4.068
11548	14552	346	0.7744	-3.000
7129	14552	346	0.7349	-4.068
1522	2457	346	0.975	0.000
1522	2823	346	0.8456	0.057
1522	10454	346	0.8726	0.000
1522	11548	346	0.8346	3.011
2457	11548	346	0.8289	3.011
2457	2823	346	0.899	0.057
2457	6421	346	0.7622	-6.974
2457	10454	346	0.8627	-0.000
2823	10454	346	0.7463	-0.057
36265	36912	347	0.8193	-0.001
46627	47746	348	0.9788	1.979
12424	21877	349	0.7978	2.016
1157	1686	350	0.9218	0.036
1686	2673	350	0.7961	0.000
1157	2673	350	0.8386	0.037
40461	41848	351	0.9705	-2.015
9667	17415	352	0.8288	3.940
17415	19274	352	0.7157	-0.948
17509	21075	353	0.7299	-2.015
21075	22456	353	0.9411	0.000
35708	35919	354	0.9241	-1.003
35708	36836	354	0.9331	0.000
35708	36873	354	0.7713	-1.002
35708	37394	354	0.8597	-4.022
35708	37395	354	0.8104	-5.025
35708	37456	354	0.8027	0.001
35708	37561	354	0.9448	-2.016
35919	36836	354	0.8921	1.003
36836	36873	354	0.8221	-1.003
36836	37394	354	0.8444	-4.022
36836	37395	354	0.7874	-5.025
36836	37456	354	0.826	0.000
36836	37561	354	0.9325	-2.016
35919	37394	354	0.9182	-3.019
36873	37394	354	0.8084	-3.020
37394	37395	354	0.9072	-1.003
37394	37456	354	0.7871	4.022
37394	37561	354	0.8633	2.006
35919	36873	354	0.808	0.001
35919	37395	354	0.8944	-4.022
35919	37456	354	0.7891	1.004
35919	37561	354	0.9124	-1.013
36873	37395	354	0.818	-4.022
36873	37456	354	0.95	1.003
36873	37561	354	0.7845	-1.014
37395	37456	354	0.7941	5.025
37456	37561	354	0.8064	-2.017
37395	37561	354	0.8039	3.009
38509	44259	355	0.7057	0.003
44259	46270	355	0.7515	-0.000
38509	46270	355	0.8911	0.003
2085	2121	356	0.7441	4.960
10338	10692	357	0.7823	-0.048
10692	15439	357	0.771	-0.984
9281	9286	358	0.799	-0.001
9335	22689	359	0.7959	5.974
9335	26160	359	0.7781	3.958
22689	26160	359	0.84	-2.016
5200	5378	359	0.7481	0.012
5378	22689	359	0.7333	-8.042
8706	22689	359	0.7333	3.958
28880	33218	360	0.9474	0.000
1056	5773	361	0.9285	-1.958
1056	1160	361	0.9086	4.020
1056	2066	361	0.7461	4.175
833	1160	361	0.8707	-4.031
1140	1160	361	0.8627	-4.019
1160	2066	361	0.9488	0.155
833	1140	361	0.9401	-0.011
14430	14733	362	0.9558	0.135
8464	10525	363	0.7003	-3.976
8464	12577	363	0.8504	1.979
49706	49707	364	0.9431	1.996
33956	36591	365	0.7333	-2.016
36591	42018	365	0.7193	-2.052
4844	5583	366	0.9653	0.000
5583	6781	366	0.79	0.000
282	49710	367	0.9738	0.000
43961	45559	368	0.8404	-7.966
34970	41334	369	0.9145	-0.073
11434	20971	370	0.9061	0.058
12151	20971	370	0.9135	0.000
11434	12151	370	0.9781	0.057
5017	12151	370	0.7619	1.089
5017	11434	370	0.7975	1.032
13814	13928	371	0.8138	2.006
4269	13928	371	0.7737	-3.990
10081	11535	371	0.7206	4.994
10081	13814	371	0.7199	10.031
10081	16734	371	0.8584	2.014
10081	18686	371	0.8726	2.015
5922	10081	371	0.952	0.001
13814	16734	371	0.7664	-8.017
13814	18686	371	0.7897	-8.017
4269	13814	371	0.7119	-5.996
5922	13814	371	0.7324	10.032
587	4269	371	0.7911	-2.946
2857	4269	371	0.9462	-0.001
11535	14212	371	0.9006	0.001
11535	16734	371	0.7122	-2.979
11535	18686	371	0.7412	-2.979
5922	11535	371	0.7464	4.994
16734	18686	371	0.9179	0.000
16734	24553	371	0.7408	1.080
5922	16734	371	0.8537	2.015
18686	24553	371	0.742	1.080
5922	18686	371	0.8831	2.016
587	2857	371	0.7989	-2.945
24694	26498	372	0.9537	0.000
41391	44914	373	0.9045	-2.016
42838	44914	373	0.7299	-4.008
28907	28915	374	0.902	1.004
25038	26475	375	0.8347	0.000
33417	37259	376	0.8812	0.001
2547	4199	377	0.9385	0.091
4982	6435	378	0.7423	2.016
4945	4982	378	0.8678	1.003
10598	30993	379	0.7339	0.970
13915	15046	380	0.7804	1.979
2972	3157	380	0.7217	-0.044
3157	13915	380	0.818	0.958
42461	42916	381	0.8022	-1.019
38000	38643	383	0.7473	9.985
31640	32540	384	0.8678	0.000
6530	6543	385	0.8377	1.001
26145	26190	386	0.7843	0.141
22808	26145	386	0.7338	0.000
39592	42428	387	0.8433	-2.014
32849	35365	388	0.9092	0.000
42244	43181	389	0.863	1.978
42244	44888	389	0.7142	0.001
42244	47011	389	0.7943	0.982
43438	45503	389	0.8755	0.005
43181	44888	389	0.7242	-1.977
44888	45503	389	0.7704	2.017
44888	47011	389	0.7842	0.981
12383	12502	390	0.9733	-0.026
38083	38329	391	0.7576	-1.002
38083	38186	391	0.9523	-0.053
32599	33274	392	0.8868	0.002
30516	34220	393	0.8591	-0.035
32590	34220	393	0.7338	-5.014
30516	32590	393	0.7338	4.979
41664	43522	394	0.7924	-1.003
42915	43522	394	0.7511	-1.038
42130	43741	395	0.8246	0.935
14410	15049	396	0.8437	2.016
15049	15917	396	0.9321	2.016
14746	15917	396	0.7045	0.948
576	49741	397	0.9696	4.979
620	49741	397	0.9945	0.000
576	620	397	0.9686	4.979
7074	7187	398	0.9381	-0.035
11496	11868	399	0.842	-0.985
586	851	400	0.9197	-0.045
586	4064	400	0.9738	-0.000
851	4064	400	0.9325	0.045
39325	40441	401	0.7121	-0.032
40441	42908	401	0.9478	0.001
39541	39730	402	0.8874	-2.009
36691	40066	402	0.7926	0.003
39730	40066	402	0.8039	-2.021
36691	39730	402	0.8005	2.023
33646	35781	403	0.9538	-0.001
31707	34965	404	0.8259	3.047
21687	28445	405	0.9106	-0.000
41849	42506	406	0.7495	0.001
40898	42506	406	0.7406	-0.005
485	923	407	0.9921	-0.096
923	958	407	0.753	-1.003
26144	30722	408	0.8059	-0.036
19515	21096	409	0.8197	3.994
2452	19515	409	0.8457	1.991
21096	27976	409	0.8462	0.000
619	645	410	0.8041	0.265
30144	33957	411	0.7735	0.000
30144	46987	411	0.7741	-2.041
44681	46987	411	0.7405	-5.063
36236	36575	412	0.9475	0.002
12524	13570	413	0.9622	-2.016
43853	46108	414	0.9324	-0.073
36196	37190	415	0.786	0.000
39187	40050	416	0.8619	-2.013
2741	4122	417	0.7477	-0.001
15056	19540	418	0.8174	1.979
36465	36769	419	0.9399	-0.000
36465	36773	419	0.8265	-2.006
36465	36884	419	0.7692	-2.962
34495	36773	419	0.7374	-4.021
34694	36773	419	0.735	-2.007
36769	36773	419	0.838	-2.006
36773	36815	419	0.7952	-1.002
34495	36769	419	0.8284	-2.015
34495	36884	419	0.7642	-4.977
36748	36884	419	0.7106	1.068
35035	36769	419	0.7469	2.015
36769	36884	419	0.7838	-2.962
34694	35035	419	0.8547	-2.016
42106	43562	420	0.7052	-2.907
38558	38602	421	0.9567	0.094
29085	31188	422	0.8195	-0.000
39720	41332	423	0.8166	-0.001
47361	47380	424	0.8093	1.001
47380	47828	424	0.9751	-0.000
47380	48757	424	0.8027	1.981
47380	49354	424	0.846	1.981
47361	47828	424	0.7993	1.001
47828	48757	424	0.7589	1.981
47828	49354	424	0.8025	1.981
47361	48757	424	0.7023	2.982
47361	49354	424	0.789	2.982
48757	49354	424	0.8632	-0.000
32177	43954	425	0.81	2.973
43954	44985	425	0.8416	-2.014
32177	44985	425	0.8079	0.960
25779	26761	426	0.9623	-0.000
34656	35366	427	0.9267	-0.000
11003	12766	428	0.7088	1.953
19386	19922	430	0.7012	0.049
15323	19754	431	0.8412	0.038
47134	47608	432	0.8816	-0.000
17438	17886	433	0.8129	-0.050
17601	27131	434	0.7393	-4.980
36338	37095	435	0.9225	0.000
37095	37780	435	0.8266	-2.013
36338	37780	435	0.8371	-2.013
25057	25439	436	0.834	2.015
25057	25794	436	0.9817	-0.000
22977	25439	436	0.8066	0.000
25439	25794	436	0.8331	-2.015
46147	47299	437	0.9126	1.979
45351	46275	438	0.8793	0.001
25305	26578	439	0.7065	-0.001
25610	26578	439	0.7355	0.037
25305	25610	439	0.9452	-0.038
16131	18972	440	0.7835	1.979
30827	34441	441	0.7474	-1.971
33126	34441	441	0.8188	-0.000
33140	34441	441	0.8175	3.008
33126	33140	441	0.7372	-3.008
41183	44341	442	0.7067	0.035
38092	41183	442	0.7794	-1.020
25937	29288	443	0.7253	2.014
25937	32458	443	0.8261	2.014
22634	30924	444	0.9412	0.000
20803	27741	445	0.8619	0.000
8108	15178	446	0.8042	1.979
43549	44065	447	0.9483	-2.013
44065	44066	447	0.8479	-2.015
41049	41069	448	0.7257	-0.004
35632	36508	449	0.8301	0.000
5320	15319	450	0.7119	2.016
4778	5631	451	0.9094	-0.036
46146	46594	452	0.8952	2.016
29417	30047	453	0.9493	0.000
27962	27972	454	0.8345	-1.003
30741	33123	455	0.7885	-4.021
32531	33123	455	0.7584	-4.021
30741	32531	455	0.8997	0.000
40699	40700	457	0.7109	-2.006
40592	40699	457	0.8228	-1.003
40592	47978	457	0.8683	0.985
40699	47978	457	0.7218	1.988
47606	47978	457	0.7003	-2.016
1489	1547	458	0.9534	0.036
1547	5272	458	0.7151	-2.016
1547	12221	458	0.8173	2.036
1489	5272	458	0.7624	-1.979
1489	12221	458	0.815	2.073
20014	20021	459	0.8115	-0.001
5251	8161	460	0.7219	1.979
5884	8161	460	0.7674	-2.018
2485	3768	461	0.8701	0.959
21312	22802	462	0.8011	0.000
22802	32995	462	0.7027	-4.995
25309	29563	462	0.7001	1.942
29563	32995	462	0.8183	-6.972
29563	33767	462	0.7413	-0.986
29563	34271	462	0.7011	-0.985
25833	32995	462	0.7471	8.986
32059	32995	462	0.7601	9.021
33767	37863	462	0.7426	-3.044
34271	37863	462	0.8394	-3.045
25309	33767	462	0.7464	0.957
25309	34271	462	0.7992	0.958
32059	37043	462	0.7839	-0.001
33767	34271	462	0.7864	0.001
25833	31232	462	0.7284	-7.010
31232	37324	462	0.7498	-7.020
22813	24780	463	0.9708	0.000
14436	14437	464	0.8496	-2.015
36125	36230	465	0.8341	3.011
25279	30612	467	0.8662	-3.947
23455	25279	467	0.9321	2.016
23990	25279	467	0.9665	0.002
23455	23990	467	0.963	2.014
23990	30612	467	0.8438	-3.945
9947	14280	468	0.7436	0.001
12974	14280	468	0.7114	2.016
9947	12974	468	0.7358	-2.015
12756	14966	469	0.7234	1.980
21464	21661	470	0.933	-0.047
41195	41200	471	0.7445	-2.015
18792	18801	472	0.9423	1.002
35626	36530	474	0.9244	-0.000
24488	24495	475	0.8584	1.002
22616	28913	476	0.7764	-0.000
34396	36672	477	0.7504	-2.016
27242	27553	479	0.9037	8.964
1267	1852	480	0.8132	0.018
1852	2872	480	0.8075	-0.018
1852	3242	480	0.9178	0.000
1267	2872	480	0.9928	0.000
1267	3242	480	0.7603	0.018
2872	3242	480	0.764	0.018
2872	21442	480	0.74	1.053
21442	30506	480	0.8646	2.016
3242	21442	480	0.8833	1.035
33758	35646	481	0.9249	0.000
36266	36317	482	0.7521	2.017
9779	14850	483	0.9225	3.000
41403	43120	484	0.7129	3.012
41403	44176	484	0.8571	-3.037
855	10204	485	0.9717	-0.000
5720	7378	486	0.797	-0.000
4228	4352	487	0.871	0.036
4352	14304	487	0.7859	1.979
4352	14575	487	0.9266	1.942
2311	4912	487	0.7834	-1.020
2311	12141	487	0.7181	9.995
2311	14304	487	0.7698	-9.973
14304	14575	487	0.8962	-0.036
34763	36481	488	0.7231	-1.961
36481	36857	488	0.932	-0.001
36481	37058	488	0.8624	2.016
36857	37058	488	0.8334	2.017
17991	17996	490	0.8931	-1.004
34862	35587	491	0.7571	3.046
34862	36095	491	0.9211	0.001
34862	36851	491	0.8774	3.048
36095	36851	491	0.9073	3.048
35587	36851	491	0.734	0.002
3222	5794	492	0.8244	-0.000
27180	28435	493	0.8394	-2.016
34648	35335	494	0.9611	0.001
33080	34648	494	0.8838	-0.000
33080	35335	494	0.8895	0.001
5630	16517	495	0.7938	3.941
15769	18864	495	0.8347	0.000
2041	18864	495	0.7617	-9.985
5630	18864	495	0.7949	-8.059
5630	13779	495	0.795	5.957
25115	25792	496	0.9723	0.000
36694	40069	497	0.8532	0.002
31197	36864	498	0.9545	0.959
7428	10212	499	0.8711	-0.000
20874	21192	500	0.7325	-0.060
38343	39466	501	0.9578	0.002
39466	40236	501	0.9347	-2.015
36728	38315	501	0.9337	-0.985
38315	40236	501	0.9504	0.001
30824	30841	502	0.7355	-0.001
15870	18010	503	0.8894	-9.058
33975	36616	504	0.7879	1.032
3100	5536	505	0.8428	-6.937
5536	8895	505	0.7006	-3.010
664	3100	505	0.742	1.032
25463	25681	506	0.7442	9.058
16407	25463	506	0.7968	6.937
33033	34697	508	0.9038	-10.024
15492	15495	509	0.749	-2.998
4373	5439	511	0.9627	-0.000
21252	21300	512	0.831	-0.999
14223	14303	513	0.8706	0.024
5448	7073	514	0.804	0.000
11884	14630	515	0.8778	-0.000
23032	29102	516	0.7782	-0.001
43659	44654	517	0.745	-2.016
44654	46521	517	0.7304	-2.016
15018	17619	519	0.7987	1.979
39227	41897	520	0.766	3.045
5750	6905	522	0.7078	-2.062
8697	37691	523	0.7496	-7.976
12339	12374	524	0.8309	-0.984
6763	21880	525	0.702	-2.014
6763	9061	525	0.9269	0.001
35855	36107	526	0.9535	-0.002
17914	18116	527	0.7199	-0.106
6300	6449	529	0.728	0.054
45996	49256	530	0.9056	0.000
47296	49256	530	0.8638	0.000
48390	49256	530	0.7337	1.980
49256	49383	530	0.9608	-0.000
45996	47296	530	0.9069	0.000
45996	49383	530	0.8817	0.000
48390	49383	530	0.8118	1.979
47296	49383	530	0.8417	-0.000
39979	42479	531	0.7262	4.989
16401	18532	532	0.8865	0.000
949	2629	534	0.9821	-0.000
22865	22875	535	0.8618	-1.002
34578	37578	536	0.8249	-2.018
28735	29143	538	0.7702	0.000
39023	39704	539	0.7604	2.014
33345	33784	540	0.9662	-0.000
33345	37636	540	0.9612	0.002
33784	37636	540	0.9694	0.002
35397	36010	541	0.843	-0.001
35397	38515	541	0.8305	-8.062
36010	36280	541	0.7554	0.001
36010	38515	541	0.7551	-8.060
1238	2805	542	0.7318	-4.995
33648	35910	543	0.9856	0.001
6702	7055	544	0.9224	-0.984
25839	26577	545	0.9811	0.000
3469	7201	546	0.7529	-2.016
33657	38514	547	0.785	-0.035
598	857	550	0.7253	-0.984
857	2900	550	0.8163	9.081
2900	5281	550	0.8857	5.966
38474	39060	551	0.7783	7.967
34559	39872	552	0.7174	3.996
39122	41959	553	0.918	-0.002
560	18079	555	0.9625	-0.027
36074	39585	556	0.9436	-0.003
12868	16558	557	0.9029	0.000
16242	16558	557	0.9416	-0.047
7639	16558	557	0.7574	1.979
12868	13823	557	0.8949	10.006
13823	16242	557	0.8145	-9.958
12868	16242	557	0.9079	0.048
7639	16242	557	0.7246	2.027
7639	12868	557	0.8088	1.979
1419	2221	558	0.8771	0.087
38178	41199	559	0.8924	0.022
45480	46583	560	0.8235	-2.015
46212	46583	560	0.7657	-4.030
45480	46212	560	0.8751	2.015
13961	17114	561	0.7737	-9.983
47531	47920	562	0.9218	-1.979
47875	47920	562	0.9114	-1.978
47531	47875	562	0.9156	-0.001
5340	8841	563	0.8001	0.000
7062	8841	563	0.8543	-1.979
5340	6256	563	0.7003	1.979
5340	7062	563	0.8591	1.979
15307	15641	564	0.9703	-0.036
3553	15307	564	0.868	-9.974
4262	4732	565	0.8985	-1.978
38344	38462	566	0.7182	3.010
25559	29896	567	0.8704	-0.000
26209	29896	567	0.9126	-0.000
41820	45304	569	0.8522	0.001
6685	8582	570	0.7969	-0.116
10073	10214	571	0.9279	-0.064
36840	39322	572	0.9491	0.000
8000	9500	574	0.8371	-0.983
40545	43879	575	0.8971	1.928
23538	26083	576	0.918	-0.000
2126	5254	577	0.7286	-0.948
33533	38054	578	0.842	3.049
49594	49598	579	0.9851	1.995
2101	2232	580	0.9723	0.026
40245	40621	581	0.7341	1.996
45075	47082	582	0.7675	0.000
46237	47082	582	0.8095	0.001
45075	46237	582	0.9246	-0.000
13687	13694	583	0.8064	1.001
43465	43748	584	0.7182	4.031
23134	29234	586	0.9244	0.000
5327	6280	587	0.809	-0.000
5327	8673	587	0.789	-0.036
5327	8757	587	0.794	-0.000
8673	8757	587	0.8591	0.036
6280	8673	587	0.8466	-0.036
6280	8757	587	0.8292	-0.000
3590	6066	588	0.786	0.011
28548	29496	590	0.9554	0.000
9662	9682	591	0.7927	0.000
36285	36923	592	0.9056	-0.001
32450	36923	592	0.8705	0.000
32450	36285	592	0.9445	0.001
2719	6184	593	0.7549	6.996
4485	6184	593	0.7552	-0.000
2719	3333	593	0.7433	3.974
3007	3333	593	0.9717	-0.022
4170	4485	593	0.7724	-0.984
2719	3007	593	0.7352	3.996
6812	8725	594	0.8246	-0.984
3569	4526	595	0.9549	0.012
39066	40102	596	0.7157	0.932
13616	14148	597	0.8118	-0.054
33527	34500	598	0.7714	-0.985
37418	37651	599	0.7497	0.063
9169	11704	600	0.7585	0.002
38819	40750	601	0.7153	2.016
38819	42456	601	0.7484	0.000
5500	11729	602	0.8347	-0.984
31061	44689	603	0.7258	4.979
2939	4433	604	0.7247	0.036
4433	4933	604	0.8712	-0.037
2939	4916	604	0.7345	2.052
2939	4933	604	0.8198	-0.000
4916	4933	604	0.7641	-2.052
36540	36831	605	0.8913	-0.001
1545	1626	606	0.887	-4.020
12396	12494	607	0.7044	-0.046
36373	44831	608	0.8683	0.001
40301	44831	608	0.9485	0.001
36373	40301	608	0.9107	-0.000
37834	38317	609	0.7555	9.023
38317	38935	609	0.7751	5.988
34397	36842	611	0.7583	-2.016
29493	31561	613	0.9619	-0.000
46403	47399	614	0.9278	0.001
41104	43699	615	0.7396	-0.000
18054	29712	616	0.737	-1.979
918	1244	617	0.7894	-9.984
1244	2658	617	0.955	-0.000
918	2658	617	0.7577	-9.984
34949	39672	619	0.8255	-1.998
34949	44995	619	0.9069	0.984
9778	12146	620	0.9085	0.002
24458	24473	621	0.9432	-1.995
1127	49803	623	0.9273	0.000
46047	46566	624	0.874	2.016
9263	9515	625	0.7555	0.066
28814	33418	626	0.705	-0.037
33049	33418	626	0.7693	-0.002
33075	33418	626	0.8663	1.003
28814	33049	626	0.8906	-0.035
28814	33075	626	0.7419	-1.039
33049	33075	626	0.7758	-1.005
8111	8591	627	0.786	-0.226
37094	38350	628	0.8337	-2.014
11169	19102	629	0.966	-3.974
3581	11169	629	0.8786	-2.999
3581	14884	629	0.8582	8.016
3581	19102	629	0.8895	-6.973
18924	21439	630	0.9272	0.000
37389	39661	631	0.745	-9.982
39240	40575	633	0.7197	0.998
20248	20253	634	0.8643	-1.002
31535	34021	636	0.824	0.000
14802	17517	637	0.9644	-0.001
13244	21812	638	0.7106	-2.052
22804	23605	642	0.7276	0.000
22804	29125	642	0.7684	-0.001
22623	22804	642	0.8514	0.959
41478	41923	643	0.7762	-0.984
8678	9037	644	0.9549	-2.016
44055	45124	645	0.7799	-2.015
40985	45169	646	0.7158	-2.052
33790	36651	647	0.764	0.000
41837	44255	648	0.702	0.984
4127	7664	649	0.7268	0.921
5202	6237	649	0.7144	9.020
6237	7664	649	0.9869	0.000
4919	5202	649	0.8121	-2.016
5202	7664	649	0.713	9.020
16457	16731	650	0.7847	-0.095
14846	21684	651	0.7514	-0.984
31043	42197	652	0.8066	3.994
40418	45035	653	0.7858	-2.015
20734	20742	654	0.8979	1.003
19794	20699	655	0.7751	2.016
10150	10168	656	0.7181	2.016
26090	34520	658	0.8113	-7.010
22665	23795	659	0.9519	0.000
38621	42905	661	0.7993	0.000
37312	38005	662	0.9817	-0.002
24615	25947	663	0.9864	0.000
7831	10230	665	0.8501	0.002
35326	37168	668	0.8335	1.979
12095	12501	669	0.7924	-9.036
1347	1797	671	0.9757	0.018
5938	6558	673	0.8795	0.001
40606	46863	674	0.7644	2.017
38556	46863	674	0.7507	-2.014
43336	45832	675	0.7498	0.001
9957	42914	676	0.7437	-8.077
31917	38270	678	0.718	0.959
590	2564	679	0.705	-3.982
33452	40427	680	0.8469	0.000
37064	38930	682	0.7871	2.016
32732	33133	683	0.8979	-0.000
33325	36543	685	0.8292	-0.000
31709	34127	686	0.873	0.000
3393	7692	687	0.8096	-2.016
13216	14015	691	0.8011	-2.016
40505	43255	693	0.8838	3.012
17923	20299	695	0.9021	1.980
39888	39984	696	0.7103	1.001
41125	43257	697	0.9367	-0.001
34929	35062	698	0.7575	-2.007
1697	4132	699	0.7569	-2.964
41047	41067	701	0.7962	-0.000
12938	13050	702	0.9683	-0.036
36990	37932	703	0.8011	0.000
3006	3149	704	0.9938	-0.046
34889	36102	706	0.9081	0.000
10928	15556	707	0.761	1.980
24860	30556	709	0.9094	0.001
27227	30197	711	0.8013	-0.036
39024	42210	712	0.8027	0.984
29445	29462	713	0.8305	2.007
21279	28169	714	0.8595	0.000
649	836	715	0.8536	0.107
32378	32379	718	0.8592	-1.005
14198	14382	720	0.8174	-0.983
